source_page,target_page
Page_0,Page_162
Page_0,Page_176
Page_0,Page_326
Page_0,Page_495
Page_1,Page_25
Page_1,Page_453
Page_1,Page_58
Page_1,Page_741
Page_10,Page_399
Page_10,Page_527
Page_10,Page_557
Page_10,Page_60
Page_10,Page_647
Page_10,Page_695
Page_10,Page_740
Page_10,Page_747
Page_10,Page_859
Page_10,Page_863
Page_10,Page_884
Page_10,Page_94
Page_100,Page_234
Page_100,Page_355
Page_100,Page_980
Page_101,Page_133
Page_101,Page_589
Page_101,Page_610
Page_101,Page_808
Page_102,Page_168
Page_102,Page_358
Page_102,Page_667
Page_103,Page_823
Page_104,Page_400
Page_104,Page_410
Page_104,Page_574
Page_104,Page_58
Page_104,Page_857
Page_105,Page_455
Page_105,Page_532
Page_105,Page_853
Page_105,Page_870
Page_105,Page_929
Page_105,Page_977
Page_107,Page_309
Page_107,Page_516
Page_107,Page_549
Page_107,Page_584
Page_107,Page_932
Page_108,Page_15
Page_108,Page_348
Page_108,Page_393
Page_108,Page_861
Page_108,Page_925
Page_109,Page_301
Page_109,Page_665
Page_109,Page_706
Page_109,Page_9
Page_11,Page_247
Page_11,Page_421
Page_11,Page_900
Page_11,Page_935
Page_110,Page_220
Page_110,Page_619
Page_110,Page_815
Page_110,Page_818
Page_111,Page_455
Page_111,Page_634
Page_111,Page_661
Page_111,Page_716
Page_111,Page_769
Page_111,Page_936
Page_112,Page_157
Page_112,Page_236
Page_112,Page_864
Page_113,Page_101
Page_113,Page_267
Page_113,Page_53
Page_113,Page_64
Page_114,Page_137
Page_114,Page_47
Page_114,Page_54
Page_114,Page_592
Page_114,Page_654
Page_115,Page_236
Page_115,Page_524
Page_115,Page_736
Page_115,Page_77
Page_115,Page_795
Page_116,Page_266
Page_116,Page_50
Page_116,Page_890
Page_116,Page_975
Page_117,Page_113
Page_117,Page_22
Page_117,Page_345
Page_117,Page_35
Page_117,Page_566
Page_117,Page_736
Page_117,Page_876
Page_117,Page_902
Page_118,Page_11
Page_118,Page_250
Page_118,Page_515
Page_118,Page_555
Page_118,Page_617
Page_118,Page_694
Page_118,Page_699
Page_118,Page_765
Page_119,Page_336
Page_119,Page_348
Page_119,Page_387
Page_119,Page_596
Page_119,Page_621
Page_119,Page_861
Page_12,Page_216
Page_12,Page_259
Page_12,Page_487
Page_12,Page_529
Page_12,Page_87
Page_12,Page_887
Page_120,Page_338
Page_120,Page_661
Page_120,Page_921
Page_121,Page_113
Page_121,Page_293
Page_121,Page_450
Page_121,Page_470
Page_121,Page_709
Page_121,Page_734
Page_121,Page_768
Page_121,Page_878
Page_121,Page_912
Page_121,Page_92
Page_121,Page_970
Page_122,Page_463
Page_122,Page_508
Page_122,Page_629
Page_122,Page_8
Page_122,Page_819
Page_122,Page_912
Page_123,Page_141
Page_123,Page_438
Page_123,Page_566
Page_123,Page_585
Page_123,Page_738
Page_123,Page_755
Page_124,Page_291
Page_125,Page_178
Page_125,Page_18
Page_125,Page_20
Page_125,Page_308
Page_125,Page_358
Page_125,Page_386
Page_125,Page_602
Page_125,Page_775
Page_125,Page_915
Page_126,Page_584
Page_126,Page_768
Page_127,Page_1
Page_127,Page_111
Page_127,Page_129
Page_127,Page_386
Page_127,Page_787
Page_128,Page_226
Page_128,Page_312
Page_129,Page_587
Page_129,Page_809
Page_129,Page_906
Page_13,Page_240
Page_13,Page_390
Page_13,Page_72
Page_13,Page_730
Page_13,Page_75
Page_13,Page_834
Page_130,Page_497
Page_130,Page_560
Page_130,Page_658
Page_131,Page_840
Page_131,Page_852
Page_131,Page_995
Page_132,Page_142
Page_132,Page_176
Page_132,Page_179
Page_132,Page_377
Page_132,Page_422
Page_132,Page_503
Page_132,Page_564
Page_132,Page_67
Page_132,Page_871
Page_133,Page_339
Page_133,Page_492
Page_133,Page_510
Page_133,Page_912
Page_134,Page_387
Page_134,Page_464
Page_134,Page_640
Page_134,Page_89
Page_134,Page_971
Page_135,Page_120
Page_135,Page_470
Page_135,Page_533
Page_135,Page_768
Page_136,Page_280
Page_136,Page_466
Page_136,Page_588
Page_136,Page_887
Page_137,Page_180
Page_137,Page_350
Page_137,Page_354
Page_137,Page_74
Page_137,Page_96
Page_138,Page_539
Page_138,Page_703
Page_138,Page_727
Page_138,Page_730
Page_139,Page_170
Page_139,Page_580
Page_139,Page_665
Page_139,Page_880
Page_139,Page_997
Page_14,Page_173
Page_14,Page_577
Page_14,Page_715
Page_140,Page_800
Page_140,Page_85
Page_140,Page_930
Page_140,Page_962
Page_141,Page_119
Page_141,Page_346
Page_141,Page_416
Page_141,Page_56
Page_141,Page_596
Page_142,Page_102
Page_142,Page_117
Page_142,Page_185
Page_142,Page_754
Page_143,Page_166
Page_143,Page_168
Page_143,Page_384
Page_143,Page_506
Page_143,Page_650
Page_143,Page_955
Page_144,Page_304
Page_144,Page_410
Page_144,Page_5
Page_144,Page_780
Page_144,Page_805
Page_145,Page_48
Page_145,Page_544
Page_145,Page_880
Page_146,Page_255
Page_146,Page_55
Page_147,Page_499
Page_147,Page_571
Page_147,Page_574
Page_147,Page_982
Page_148,Page_507
Page_148,Page_691
Page_149,Page_210
Page_149,Page_280
Page_149,Page_373
Page_149,Page_782
Page_149,Page_912
Page_149,Page_917
Page_15,Page_246
Page_15,Page_318
Page_15,Page_468
Page_15,Page_538
Page_15,Page_588
Page_15,Page_736
Page_150,Page_2
Page_150,Page_302
Page_150,Page_442
Page_150,Page_663
Page_150,Page_688
Page_150,Page_88
Page_151,Page_416
Page_151,Page_456
Page_151,Page_490
Page_151,Page_634
Page_151,Page_670
Page_151,Page_697
Page_151,Page_702
Page_151,Page_875
Page_152,Page_412
Page_152,Page_47
Page_152,Page_500
Page_152,Page_753
Page_152,Page_802
Page_153,Page_292
Page_153,Page_359
Page_153,Page_51
Page_153,Page_641
Page_153,Page_810
Page_153,Page_839
Page_153,Page_849
Page_153,Page_906
Page_154,Page_114
Page_154,Page_291
Page_154,Page_504
Page_154,Page_878
Page_154,Page_934
Page_154,Page_965
Page_155,Page_22
Page_155,Page_709
Page_155,Page_974
Page_156,Page_153
Page_156,Page_181
Page_156,Page_303
Page_156,Page_395
Page_156,Page_832
Page_157,Page_365
Page_157,Page_584
Page_157,Page_688
Page_157,Page_930
Page_158,Page_285
Page_158,Page_450
Page_158,Page_530
Page_158,Page_713
Page_158,Page_750
Page_158,Page_776
Page_158,Page_803
Page_158,Page_903
Page_159,Page_726
Page_159,Page_92
Page_16,Page_593
Page_16,Page_679
Page_16,Page_911
Page_160,Page_453
Page_160,Page_506
Page_160,Page_534
Page_160,Page_796
Page_160,Page_80
Page_161,Page_149
Page_161,Page_289
Page_161,Page_508
Page_161,Page_733
Page_162,Page_408
Page_162,Page_413
Page_162,Page_486
Page_162,Page_494
Page_162,Page_505
Page_163,Page_129
Page_163,Page_26
Page_163,Page_585
Page_163,Page_747
Page_163,Page_784
Page_164,Page_247
Page_164,Page_360
Page_164,Page_377
Page_164,Page_493
Page_164,Page_54
Page_164,Page_625
Page_164,Page_892
Page_164,Page_925
Page_165,Page_281
Page_165,Page_884
Page_166,Page_298
Page_166,Page_579
Page_166,Page_643
Page_166,Page_659
Page_167,Page_234
Page_167,Page_454
Page_167,Page_535
Page_167,Page_538
Page_167,Page_758
Page_168,Page_232
Page_168,Page_26
Page_168,Page_350
Page_168,Page_414
Page_168,Page_717
Page_168,Page_780
Page_168,Page_975
Page_169,Page_14
Page_169,Page_303
Page_169,Page_417
Page_169,Page_493
Page_169,Page_557
Page_169,Page_660
Page_169,Page_770
Page_169,Page_771
Page_17,Page_387
Page_17,Page_535
Page_17,Page_857
Page_17,Page_913
Page_170,Page_129
Page_170,Page_260
Page_170,Page_525
Page_170,Page_610
Page_170,Page_740
Page_170,Page_749
Page_170,Page_75
Page_170,Page_931
Page_170,Page_94
Page_171,Page_326
Page_171,Page_715
Page_171,Page_909
Page_171,Page_960
Page_172,Page_221
Page_172,Page_599
Page_172,Page_711
Page_172,Page_918
Page_173,Page_400
Page_173,Page_497
Page_173,Page_513
Page_174,Page_27
Page_174,Page_330
Page_174,Page_356
Page_174,Page_490
Page_174,Page_781
Page_175,Page_177
Page_176,Page_167
Page_176,Page_248
Page_176,Page_443
Page_176,Page_674
Page_176,Page_685
Page_177,Page_168
Page_177,Page_699
Page_178,Page_133
Page_178,Page_377
Page_178,Page_731
Page_179,Page_116
Page_179,Page_120
Page_179,Page_224
Page_179,Page_25
Page_179,Page_446
Page_179,Page_464
Page_179,Page_682
Page_179,Page_886
Page_179,Page_981
Page_18,Page_140
Page_18,Page_259
Page_18,Page_278
Page_18,Page_4
Page_18,Page_731
Page_18,Page_893
Page_180,Page_240
Page_180,Page_281
Page_180,Page_580
Page_180,Page_59
Page_180,Page_878
Page_181,Page_756
Page_181,Page_962
Page_181,Page_982
Page_182,Page_343
Page_182,Page_381
Page_182,Page_588
Page_182,Page_704
Page_182,Page_990
Page_183,Page_438
Page_184,Page_201
Page_185,Page_186
Page_185,Page_310
Page_185,Page_595
Page_185,Page_998
Page_186,Page_383
Page_186,Page_385
Page_186,Page_479
Page_186,Page_67
Page_187,Page_287
Page_187,Page_550
Page_187,Page_647
Page_187,Page_87
Page_187,Page_917
Page_187,Page_93
Page_187,Page_955
Page_188,Page_342
Page_188,Page_717
Page_188,Page_806
Page_188,Page_820
Page_188,Page_973
Page_188,Page_995
Page_189,Page_23
Page_189,Page_453
Page_189,Page_495
Page_189,Page_625
Page_189,Page_950
Page_19,Page_25
Page_19,Page_254
Page_19,Page_338
Page_19,Page_390
Page_19,Page_513
Page_19,Page_526
Page_19,Page_938
Page_190,Page_260
Page_190,Page_286
Page_190,Page_371
Page_190,Page_417
Page_190,Page_514
Page_190,Page_640
Page_190,Page_688
Page_191,Page_153
Page_191,Page_385
Page_191,Page_456
Page_191,Page_482
Page_191,Page_580
Page_191,Page_917
Page_191,Page_964
Page_192,Page_44
Page_192,Page_723
Page_192,Page_975
Page_192,Page_991
Page_193,Page_142
Page_193,Page_247
Page_193,Page_339
Page_193,Page_602
Page_193,Page_615
Page_193,Page_871
Page_193,Page_887
Page_194,Page_224
Page_194,Page_372
Page_194,Page_708
Page_194,Page_891
Page_194,Page_993
Page_195,Page_168
Page_195,Page_611
Page_195,Page_651
Page_195,Page_691
Page_195,Page_859
Page_196,Page_168
Page_196,Page_173
Page_196,Page_274
Page_196,Page_43
Page_196,Page_734
Page_196,Page_811
Page_197,Page_860
Page_198,Page_194
Page_198,Page_675
Page_198,Page_701
Page_199,Page_676
Page_199,Page_796
Page_199,Page_806
Page_2,Page_13
Page_2,Page_26
Page_2,Page_624
Page_2,Page_858
Page_20,Page_262
Page_20,Page_437
Page_20,Page_596
Page_20,Page_871
Page_20,Page_926
Page_200,Page_246
Page_200,Page_503
Page_200,Page_757
Page_200,Page_953
Page_200,Page_987
Page_200,Page_992
Page_201,Page_440
Page_201,Page_929
Page_201,Page_956
Page_202,Page_145
Page_202,Page_440
Page_202,Page_625
Page_202,Page_979
Page_203,Page_330
Page_203,Page_438
Page_203,Page_707
Page_203,Page_975
Page_204,Page_522
Page_204,Page_655
Page_204,Page_729
Page_205,Page_159
Page_205,Page_337
Page_205,Page_644
Page_205,Page_945
Page_206,Page_365
Page_206,Page_518
Page_206,Page_575
Page_206,Page_843
Page_206,Page_945
Page_207,Page_272
Page_207,Page_421
Page_207,Page_753
Page_207,Page_965
Page_208,Page_453
Page_208,Page_721
Page_208,Page_869
Page_209,Page_200
Page_209,Page_226
Page_209,Page_332
Page_209,Page_354
Page_209,Page_368
Page_209,Page_685
Page_209,Page_703
Page_209,Page_794
Page_21,Page_407
Page_21,Page_492
Page_21,Page_62
Page_210,Page_345
Page_210,Page_357
Page_210,Page_378
Page_210,Page_458
Page_210,Page_577
Page_210,Page_732
Page_210,Page_962
Page_211,Page_135
Page_211,Page_200
Page_211,Page_206
Page_211,Page_29
Page_211,Page_328
Page_211,Page_492
Page_211,Page_635
Page_211,Page_650
Page_211,Page_678
Page_211,Page_969
Page_211,Page_992
Page_212,Page_486
Page_212,Page_801
Page_212,Page_872
Page_212,Page_945
Page_212,Page_96
Page_213,Page_790
Page_213,Page_864
Page_213,Page_868
Page_215,Page_242
Page_215,Page_540
Page_215,Page_69
Page_216,Page_289
Page_216,Page_691
Page_217,Page_254
Page_217,Page_329
Page_217,Page_702
Page_217,Page_819
Page_218,Page_129
Page_218,Page_143
Page_218,Page_282
Page_218,Page_470
Page_218,Page_474
Page_218,Page_628
Page_218,Page_873
Page_219,Page_210
Page_219,Page_404
Page_219,Page_712
Page_22,Page_147
Page_22,Page_252
Page_22,Page_365
Page_22,Page_487
Page_22,Page_538
Page_22,Page_588
Page_22,Page_680
Page_220,Page_196
Page_220,Page_278
Page_220,Page_337
Page_220,Page_450
Page_220,Page_740
Page_221,Page_115
Page_221,Page_152
Page_221,Page_290
Page_221,Page_347
Page_221,Page_406
Page_221,Page_409
Page_222,Page_702
Page_222,Page_843
Page_222,Page_961
Page_223,Page_142
Page_223,Page_390
Page_223,Page_413
Page_223,Page_702
Page_224,Page_127
Page_224,Page_133
Page_224,Page_237
Page_224,Page_387
Page_224,Page_612
Page_225,Page_219
Page_225,Page_806
Page_225,Page_859
Page_225,Page_90
Page_226,Page_312
Page_226,Page_648
Page_226,Page_751
Page_227,Page_180
Page_227,Page_313
Page_227,Page_320
Page_227,Page_406
Page_227,Page_687
Page_227,Page_690
Page_228,Page_3
Page_228,Page_37
Page_228,Page_467
Page_228,Page_600
Page_228,Page_909
Page_229,Page_265
Page_229,Page_490
Page_23,Page_141
Page_23,Page_285
Page_23,Page_37
Page_23,Page_436
Page_23,Page_548
Page_23,Page_574
Page_23,Page_695
Page_230,Page_150
Page_230,Page_410
Page_230,Page_536
Page_231,Page_394
Page_231,Page_602
Page_231,Page_825
Page_231,Page_846
Page_232,Page_100
Page_232,Page_322
Page_232,Page_334
Page_232,Page_374
Page_232,Page_482
Page_232,Page_638
Page_232,Page_731
Page_233,Page_293
Page_233,Page_921
Page_234,Page_547
Page_234,Page_577
Page_234,Page_644
Page_234,Page_650
Page_234,Page_717
Page_234,Page_861
Page_235,Page_232
Page_235,Page_29
Page_235,Page_318
Page_235,Page_345
Page_235,Page_472
Page_235,Page_499
Page_236,Page_192
Page_236,Page_508
Page_236,Page_532
Page_236,Page_587
Page_236,Page_692
Page_236,Page_871
Page_237,Page_229
Page_237,Page_352
Page_237,Page_78
Page_237,Page_798
Page_237,Page_863
Page_238,Page_130
Page_238,Page_348
Page_238,Page_504
Page_238,Page_762
Page_238,Page_789
Page_238,Page_79
Page_238,Page_846
Page_239,Page_552
Page_239,Page_64
Page_239,Page_666
Page_239,Page_680
Page_239,Page_869
Page_239,Page_981
Page_24,Page_139
Page_24,Page_478
Page_24,Page_558
Page_24,Page_776
Page_24,Page_810
Page_240,Page_132
Page_240,Page_903
Page_240,Page_993
Page_241,Page_460
Page_241,Page_891
Page_242,Page_44
Page_242,Page_747
Page_242,Page_766
Page_242,Page_929
Page_243,Page_359
Page_243,Page_691
Page_244,Page_326
Page_244,Page_894
Page_245,Page_517
Page_245,Page_591
Page_245,Page_69
Page_245,Page_848
Page_246,Page_633
Page_246,Page_739
Page_246,Page_827
Page_247,Page_477
Page_247,Page_66
Page_247,Page_767
Page_247,Page_943
Page_247,Page_95
Page_247,Page_952
Page_248,Page_204
Page_248,Page_295
Page_249,Page_219
Page_249,Page_571
Page_249,Page_608
Page_249,Page_667
Page_249,Page_999
Page_25,Page_654
Page_25,Page_661
Page_25,Page_674
Page_25,Page_684
Page_25,Page_833
Page_25,Page_980
Page_250,Page_19
Page_250,Page_43
Page_250,Page_583
Page_250,Page_625
Page_250,Page_677
Page_250,Page_679
Page_250,Page_864
Page_250,Page_903
Page_250,Page_919
Page_250,Page_935
Page_251,Page_822
Page_252,Page_241
Page_252,Page_245
Page_252,Page_443
Page_253,Page_258
Page_253,Page_479
Page_253,Page_812
Page_254,Page_172
Page_254,Page_324
Page_254,Page_402
Page_254,Page_527
Page_254,Page_826
Page_255,Page_34
Page_255,Page_473
Page_255,Page_569
Page_255,Page_572
Page_255,Page_6
Page_255,Page_654
Page_255,Page_75
Page_255,Page_795
Page_255,Page_946
Page_256,Page_159
Page_256,Page_242
Page_256,Page_80
Page_256,Page_921
Page_257,Page_445
Page_257,Page_502
Page_257,Page_84
Page_257,Page_991
Page_258,Page_145
Page_258,Page_168
Page_258,Page_325
Page_258,Page_34
Page_258,Page_558
Page_259,Page_322
Page_259,Page_717
Page_259,Page_742
Page_259,Page_979
Page_26,Page_306
Page_26,Page_309
Page_26,Page_348
Page_26,Page_364
Page_260,Page_192
Page_260,Page_335
Page_260,Page_791
Page_260,Page_937
Page_260,Page_97
Page_261,Page_240
Page_261,Page_243
Page_261,Page_305
Page_261,Page_460
Page_261,Page_520
Page_261,Page_760
Page_261,Page_812
Page_261,Page_826
Page_261,Page_894
Page_261,Page_956
Page_262,Page_304
Page_262,Page_306
Page_262,Page_321
Page_262,Page_406
Page_262,Page_538
Page_263,Page_14
Page_263,Page_239
Page_263,Page_456
Page_263,Page_814
Page_264,Page_110
Page_264,Page_336
Page_264,Page_499
Page_264,Page_702
Page_264,Page_849
Page_264,Page_853
Page_265,Page_294
Page_265,Page_446
Page_265,Page_651
Page_265,Page_940
Page_265,Page_959
Page_265,Page_989
Page_266,Page_163
Page_266,Page_579
Page_266,Page_681
Page_266,Page_828
Page_267,Page_877
Page_267,Page_927
Page_268,Page_127
Page_268,Page_629
Page_268,Page_916
Page_268,Page_972
Page_269,Page_162
Page_269,Page_176
Page_269,Page_220
Page_269,Page_40
Page_269,Page_439
Page_269,Page_486
Page_269,Page_566
Page_269,Page_706
Page_269,Page_743
Page_27,Page_241
Page_27,Page_39
Page_27,Page_590
Page_270,Page_391
Page_270,Page_539
Page_270,Page_596
Page_271,Page_731
Page_271,Page_816
Page_272,Page_138
Page_272,Page_185
Page_272,Page_264
Page_272,Page_343
Page_272,Page_406
Page_272,Page_409
Page_272,Page_411
Page_272,Page_429
Page_272,Page_445
Page_272,Page_48
Page_272,Page_618
Page_272,Page_798
Page_272,Page_824
Page_272,Page_896
Page_273,Page_339
Page_273,Page_366
Page_273,Page_490
Page_273,Page_510
Page_273,Page_669
Page_273,Page_683
Page_274,Page_102
Page_274,Page_361
Page_274,Page_514
Page_274,Page_525
Page_274,Page_589
Page_275,Page_153
Page_275,Page_608
Page_275,Page_649
Page_275,Page_725
Page_275,Page_923
Page_276,Page_142
Page_276,Page_203
Page_276,Page_326
Page_276,Page_378
Page_276,Page_547
Page_276,Page_659
Page_276,Page_775
Page_276,Page_790
Page_276,Page_923
Page_277,Page_143
Page_277,Page_24
Page_277,Page_258
Page_277,Page_899
Page_277,Page_953
Page_278,Page_150
Page_278,Page_407
Page_278,Page_409
Page_278,Page_478
Page_278,Page_565
Page_278,Page_588
Page_278,Page_723
Page_278,Page_767
Page_278,Page_83
Page_279,Page_154
Page_279,Page_350
Page_279,Page_481
Page_279,Page_731
Page_279,Page_986
Page_28,Page_422
Page_28,Page_463
Page_28,Page_599
Page_28,Page_744
Page_280,Page_285
Page_280,Page_339
Page_280,Page_362
Page_280,Page_592
Page_280,Page_665
Page_280,Page_735
Page_281,Page_772
Page_281,Page_837
Page_281,Page_910
Page_281,Page_971
Page_282,Page_531
Page_282,Page_636
Page_282,Page_827
Page_283,Page_399
Page_283,Page_468
Page_283,Page_687
Page_283,Page_834
Page_283,Page_961
Page_284,Page_188
Page_284,Page_207
Page_284,Page_305
Page_284,Page_407
Page_284,Page_723
Page_285,Page_408
Page_285,Page_47
Page_285,Page_504
Page_285,Page_526
Page_285,Page_562
Page_286,Page_127
Page_286,Page_215
Page_286,Page_497
Page_286,Page_525
Page_286,Page_562
Page_286,Page_616
Page_286,Page_994
Page_287,Page_409
Page_287,Page_575
Page_287,Page_627
Page_287,Page_643
Page_287,Page_769
Page_287,Page_808
Page_287,Page_910
Page_287,Page_957
Page_288,Page_414
Page_288,Page_726
Page_288,Page_907
Page_288,Page_95
Page_289,Page_572
Page_289,Page_753
Page_29,Page_36
Page_29,Page_472
Page_29,Page_52
Page_29,Page_578
Page_29,Page_627
Page_29,Page_699
Page_29,Page_839
Page_290,Page_305
Page_290,Page_363
Page_290,Page_423
Page_290,Page_513
Page_291,Page_115
Page_291,Page_120
Page_291,Page_227
Page_291,Page_27
Page_291,Page_786
Page_291,Page_829
Page_292,Page_318
Page_292,Page_558
Page_292,Page_653
Page_292,Page_821
Page_292,Page_837
Page_292,Page_962
Page_293,Page_351
Page_293,Page_846
Page_293,Page_87
Page_294,Page_110
Page_294,Page_218
Page_294,Page_326
Page_294,Page_361
Page_294,Page_580
Page_294,Page_661
Page_294,Page_715
Page_296,Page_335
Page_296,Page_34
Page_296,Page_530
Page_296,Page_567
Page_296,Page_601
Page_296,Page_620
Page_296,Page_796
Page_296,Page_832
Page_296,Page_89
Page_297,Page_194
Page_297,Page_551
Page_297,Page_655
Page_297,Page_679
Page_298,Page_96
Page_298,Page_991
Page_299,Page_279
Page_299,Page_82
Page_3,Page_536
Page_30,Page_21
Page_30,Page_44
Page_30,Page_64
Page_30,Page_889
Page_30,Page_916
Page_300,Page_141
Page_300,Page_309
Page_300,Page_605
Page_300,Page_633
Page_300,Page_86
Page_301,Page_34
Page_301,Page_751
Page_301,Page_803
Page_301,Page_863
Page_302,Page_483
Page_302,Page_535
Page_302,Page_672
Page_303,Page_148
Page_303,Page_512
Page_303,Page_536
Page_303,Page_698
Page_303,Page_782
Page_303,Page_859
Page_304,Page_436
Page_304,Page_506
Page_304,Page_53
Page_304,Page_557
Page_304,Page_618
Page_304,Page_622
Page_304,Page_65
Page_304,Page_654
Page_304,Page_74
Page_305,Page_112
Page_305,Page_375
Page_305,Page_730
Page_306,Page_159
Page_306,Page_189
Page_306,Page_197
Page_306,Page_458
Page_306,Page_604
Page_306,Page_606
Page_306,Page_638
Page_306,Page_701
Page_306,Page_801
Page_306,Page_841
Page_306,Page_865
Page_307,Page_159
Page_307,Page_167
Page_307,Page_227
Page_307,Page_269
Page_307,Page_308
Page_307,Page_366
Page_307,Page_410
Page_307,Page_692
Page_307,Page_772
Page_307,Page_848
Page_308,Page_148
Page_308,Page_39
Page_308,Page_443
Page_308,Page_444
Page_308,Page_509
Page_308,Page_541
Page_308,Page_61
Page_309,Page_622
Page_309,Page_737
Page_309,Page_746
Page_309,Page_872
Page_309,Page_998
Page_31,Page_113
Page_31,Page_178
Page_31,Page_248
Page_31,Page_302
Page_31,Page_651
Page_310,Page_808
Page_310,Page_851
Page_310,Page_951
Page_310,Page_990
Page_311,Page_174
Page_311,Page_27
Page_311,Page_291
Page_311,Page_602
Page_311,Page_78
Page_311,Page_784
Page_311,Page_920
Page_312,Page_192
Page_312,Page_246
Page_312,Page_388
Page_312,Page_976
Page_313,Page_39
Page_313,Page_520
Page_313,Page_523
Page_313,Page_605
Page_313,Page_681
Page_313,Page_923
Page_314,Page_111
Page_314,Page_299
Page_314,Page_347
Page_314,Page_619
Page_314,Page_651
Page_314,Page_866
Page_314,Page_899
Page_315,Page_177
Page_315,Page_412
Page_315,Page_713
Page_315,Page_878
Page_316,Page_270
Page_316,Page_281
Page_316,Page_871
Page_317,Page_101
Page_317,Page_313
Page_317,Page_34
Page_317,Page_668
Page_317,Page_694
Page_318,Page_285
Page_318,Page_60
Page_318,Page_703
Page_318,Page_818
Page_319,Page_308
Page_319,Page_39
Page_319,Page_506
Page_319,Page_51
Page_319,Page_761
Page_32,Page_342
Page_32,Page_350
Page_32,Page_362
Page_32,Page_665
Page_320,Page_267
Page_320,Page_310
Page_320,Page_374
Page_320,Page_383
Page_320,Page_447
Page_320,Page_45
Page_320,Page_776
Page_321,Page_381
Page_321,Page_480
Page_321,Page_621
Page_321,Page_69
Page_321,Page_762
Page_321,Page_921
Page_322,Page_284
Page_322,Page_391
Page_322,Page_457
Page_322,Page_523
Page_322,Page_562
Page_322,Page_652
Page_322,Page_857
Page_323,Page_605
Page_323,Page_608
Page_323,Page_779
Page_323,Page_792
Page_323,Page_932
Page_324,Page_3
Page_324,Page_806
Page_325,Page_109
Page_325,Page_295
Page_325,Page_549
Page_325,Page_611
Page_325,Page_993
Page_326,Page_106
Page_326,Page_16
Page_326,Page_244
Page_326,Page_272
Page_326,Page_348
Page_326,Page_408
Page_326,Page_481
Page_326,Page_730
Page_326,Page_812
Page_326,Page_905
Page_327,Page_172
Page_327,Page_228
Page_327,Page_87
Page_327,Page_951
Page_328,Page_108
Page_328,Page_183
Page_328,Page_195
Page_328,Page_295
Page_328,Page_375
Page_328,Page_457
Page_328,Page_503
Page_328,Page_893
Page_329,Page_223
Page_329,Page_354
Page_329,Page_465
Page_329,Page_473
Page_329,Page_745
Page_329,Page_810
Page_329,Page_823
Page_33,Page_127
Page_33,Page_325
Page_33,Page_359
Page_33,Page_453
Page_33,Page_563
Page_33,Page_850
Page_33,Page_925
Page_33,Page_968
Page_330,Page_129
Page_330,Page_231
Page_330,Page_389
Page_330,Page_558
Page_330,Page_992
Page_331,Page_0
Page_331,Page_140
Page_331,Page_273
Page_331,Page_421
Page_331,Page_490
Page_332,Page_219
Page_332,Page_626
Page_332,Page_699
Page_333,Page_620
Page_333,Page_944
Page_334,Page_317
Page_334,Page_326
Page_334,Page_568
Page_334,Page_641
Page_335,Page_267
Page_335,Page_462
Page_335,Page_695
Page_336,Page_175
Page_336,Page_887
Page_337,Page_25
Page_337,Page_382
Page_337,Page_518
Page_337,Page_993
Page_338,Page_232
Page_338,Page_399
Page_338,Page_412
Page_338,Page_794
Page_338,Page_859
Page_338,Page_943
Page_338,Page_948
Page_339,Page_193
Page_339,Page_338
Page_339,Page_590
Page_339,Page_924
Page_34,Page_157
Page_34,Page_269
Page_34,Page_282
Page_34,Page_338
Page_34,Page_385
Page_34,Page_468
Page_34,Page_659
Page_34,Page_673
Page_34,Page_832
Page_34,Page_95
Page_34,Page_959
Page_340,Page_160
Page_340,Page_197
Page_340,Page_345
Page_340,Page_48
Page_340,Page_94
Page_341,Page_118
Page_341,Page_244
Page_341,Page_373
Page_341,Page_461
Page_341,Page_625
Page_341,Page_872
Page_341,Page_953
Page_341,Page_990
Page_342,Page_425
Page_342,Page_436
Page_342,Page_557
Page_342,Page_772
Page_342,Page_835
Page_342,Page_870
Page_342,Page_943
Page_343,Page_132
Page_343,Page_369
Page_343,Page_544
Page_343,Page_765
Page_344,Page_261
Page_344,Page_43
Page_344,Page_722
Page_345,Page_555
Page_345,Page_890
Page_345,Page_908
Page_345,Page_968
Page_345,Page_994
Page_346,Page_998
Page_347,Page_145
Page_347,Page_32
Page_347,Page_469
Page_347,Page_607
Page_347,Page_890
Page_348,Page_503
Page_348,Page_524
Page_348,Page_62
Page_348,Page_682
Page_348,Page_877
Page_348,Page_891
Page_349,Page_0
Page_349,Page_192
Page_349,Page_476
Page_349,Page_816
Page_349,Page_855
Page_35,Page_324
Page_35,Page_397
Page_35,Page_731
Page_35,Page_738
Page_350,Page_36
Page_350,Page_451
Page_350,Page_469
Page_351,Page_423
Page_351,Page_569
Page_351,Page_860
Page_351,Page_941
Page_352,Page_126
Page_352,Page_170
Page_352,Page_282
Page_352,Page_586
Page_352,Page_784
Page_353,Page_16
Page_353,Page_192
Page_353,Page_269
Page_353,Page_409
Page_353,Page_642
Page_353,Page_703
Page_353,Page_704
Page_353,Page_712
Page_354,Page_270
Page_354,Page_317
Page_354,Page_423
Page_354,Page_461
Page_354,Page_508
Page_354,Page_666
Page_354,Page_710
Page_354,Page_873
Page_354,Page_883
Page_355,Page_125
Page_355,Page_173
Page_355,Page_441
Page_355,Page_722
Page_355,Page_857
Page_356,Page_223
Page_356,Page_278
Page_356,Page_324
Page_356,Page_83
Page_357,Page_115
Page_357,Page_193
Page_359,Page_116
Page_359,Page_205
Page_359,Page_318
Page_359,Page_412
Page_359,Page_58
Page_359,Page_707
Page_359,Page_743
Page_359,Page_768
Page_359,Page_820
Page_359,Page_889
Page_359,Page_899
Page_36,Page_187
Page_36,Page_21
Page_36,Page_833
Page_36,Page_958
Page_360,Page_371
Page_360,Page_644
Page_361,Page_316
Page_361,Page_337
Page_361,Page_405
Page_361,Page_643
Page_361,Page_789
Page_362,Page_117
Page_362,Page_209
Page_362,Page_34
Page_362,Page_51
Page_362,Page_532
Page_362,Page_70
Page_362,Page_779
Page_363,Page_256
Page_363,Page_506
Page_364,Page_183
Page_364,Page_261
Page_364,Page_54
Page_364,Page_541
Page_364,Page_554
Page_364,Page_60
Page_364,Page_652
Page_364,Page_804
Page_364,Page_963
Page_364,Page_976
Page_365,Page_258
Page_365,Page_442
Page_365,Page_524
Page_365,Page_579
Page_365,Page_710
Page_365,Page_786
Page_365,Page_875
Page_365,Page_936
Page_366,Page_130
Page_366,Page_340
Page_366,Page_79
Page_366,Page_935
Page_367,Page_460
Page_367,Page_519
Page_367,Page_663
Page_367,Page_7
Page_367,Page_892
Page_368,Page_247
Page_368,Page_273
Page_368,Page_418
Page_368,Page_46
Page_368,Page_583
Page_368,Page_594
Page_368,Page_771
Page_368,Page_90
Page_369,Page_329
Page_369,Page_517
Page_369,Page_631
Page_369,Page_684
Page_369,Page_754
Page_369,Page_83
Page_37,Page_255
Page_37,Page_271
Page_37,Page_402
Page_37,Page_458
Page_37,Page_51
Page_37,Page_743
Page_37,Page_879
Page_370,Page_262
Page_370,Page_345
Page_370,Page_418
Page_370,Page_732
Page_370,Page_743
Page_371,Page_136
Page_371,Page_508
Page_371,Page_56
Page_371,Page_64
Page_371,Page_979
Page_372,Page_166
Page_372,Page_528
Page_372,Page_88
Page_372,Page_971
Page_373,Page_103
Page_373,Page_484
Page_373,Page_655
Page_374,Page_146
Page_374,Page_357
Page_374,Page_435
Page_374,Page_568
Page_374,Page_637
Page_374,Page_713
Page_374,Page_918
Page_374,Page_973
Page_375,Page_489
Page_375,Page_771
Page_375,Page_898
Page_376,Page_171
Page_376,Page_650
Page_376,Page_708
Page_376,Page_745
Page_377,Page_180
Page_377,Page_544
Page_377,Page_591
Page_377,Page_605
Page_377,Page_781
Page_377,Page_838
Page_377,Page_855
Page_377,Page_920
Page_378,Page_845
Page_378,Page_914
Page_379,Page_230
Page_379,Page_338
Page_379,Page_450
Page_379,Page_562
Page_379,Page_843
Page_379,Page_995
Page_38,Page_450
Page_38,Page_909
Page_380,Page_790
Page_380,Page_822
Page_380,Page_907
Page_380,Page_926
Page_381,Page_194
Page_381,Page_47
Page_381,Page_548
Page_381,Page_560
Page_381,Page_639
Page_382,Page_464
Page_382,Page_647
Page_382,Page_72
Page_382,Page_73
Page_382,Page_868
Page_383,Page_191
Page_383,Page_289
Page_383,Page_312
Page_384,Page_157
Page_384,Page_512
Page_384,Page_672
Page_384,Page_743
Page_384,Page_949
Page_385,Page_163
Page_385,Page_233
Page_385,Page_341
Page_385,Page_435
Page_385,Page_589
Page_385,Page_629
Page_385,Page_834
Page_385,Page_863
Page_385,Page_908
Page_386,Page_189
Page_386,Page_280
Page_386,Page_31
Page_386,Page_462
Page_386,Page_476
Page_386,Page_56
Page_386,Page_604
Page_386,Page_625
Page_387,Page_1
Page_387,Page_241
Page_387,Page_569
Page_387,Page_71
Page_387,Page_838
Page_387,Page_923
Page_388,Page_151
Page_388,Page_155
Page_388,Page_572
Page_388,Page_715
Page_388,Page_999
Page_389,Page_134
Page_389,Page_574
Page_389,Page_895
Page_39,Page_292
Page_39,Page_559
Page_39,Page_756
Page_39,Page_758
Page_390,Page_109
Page_390,Page_306
Page_390,Page_707
Page_390,Page_87
Page_391,Page_284
Page_391,Page_326
Page_391,Page_381
Page_391,Page_385
Page_391,Page_556
Page_392,Page_108
Page_392,Page_164
Page_392,Page_300
Page_392,Page_409
Page_392,Page_441
Page_392,Page_564
Page_392,Page_61
Page_392,Page_842
Page_392,Page_90
Page_393,Page_103
Page_393,Page_198
Page_393,Page_428
Page_393,Page_67
Page_393,Page_836
Page_393,Page_858
Page_394,Page_2
Page_394,Page_290
Page_394,Page_443
Page_394,Page_681
Page_395,Page_296
Page_395,Page_368
Page_395,Page_597
Page_395,Page_894
Page_395,Page_935
Page_396,Page_174
Page_396,Page_33
Page_397,Page_422
Page_397,Page_606
Page_397,Page_767
Page_398,Page_215
Page_398,Page_230
Page_398,Page_484
Page_398,Page_49
Page_398,Page_529
Page_398,Page_564
Page_398,Page_794
Page_398,Page_954
Page_399,Page_181
Page_399,Page_367
Page_399,Page_403
Page_399,Page_455
Page_399,Page_48
Page_399,Page_482
Page_399,Page_612
Page_399,Page_868
Page_4,Page_970
Page_40,Page_20
Page_40,Page_334
Page_40,Page_357
Page_40,Page_915
Page_40,Page_939
Page_400,Page_1
Page_400,Page_158
Page_400,Page_483
Page_400,Page_487
Page_400,Page_614
Page_400,Page_797
Page_400,Page_82
Page_400,Page_989
Page_401,Page_233
Page_401,Page_406
Page_401,Page_829
Page_402,Page_363
Page_402,Page_52
Page_402,Page_702
Page_403,Page_134
Page_403,Page_167
Page_403,Page_235
Page_403,Page_324
Page_404,Page_224
Page_404,Page_562
Page_404,Page_80
Page_405,Page_196
Page_405,Page_672
Page_406,Page_297
Page_406,Page_337
Page_406,Page_790
Page_406,Page_837
Page_406,Page_968
Page_406,Page_987
Page_407,Page_195
Page_407,Page_309
Page_407,Page_355
Page_407,Page_374
Page_407,Page_40
Page_407,Page_604
Page_407,Page_67
Page_407,Page_869
Page_408,Page_105
Page_408,Page_12
Page_408,Page_220
Page_408,Page_282
Page_408,Page_666
Page_408,Page_952
Page_409,Page_263
Page_409,Page_374
Page_409,Page_996
Page_41,Page_31
Page_41,Page_316
Page_41,Page_565
Page_41,Page_592
Page_41,Page_616
Page_41,Page_623
Page_410,Page_457
Page_410,Page_517
Page_410,Page_604
Page_410,Page_722
Page_410,Page_920
Page_411,Page_224
Page_411,Page_30
Page_411,Page_482
Page_411,Page_716
Page_411,Page_952
Page_411,Page_988
Page_412,Page_308
Page_412,Page_435
Page_412,Page_863
Page_413,Page_108
Page_413,Page_18
Page_413,Page_266
Page_413,Page_660
Page_414,Page_148
Page_414,Page_332
Page_414,Page_440
Page_414,Page_50
Page_414,Page_974
Page_415,Page_203
Page_415,Page_370
Page_415,Page_373
Page_415,Page_437
Page_415,Page_613
Page_415,Page_64
Page_415,Page_894
Page_416,Page_100
Page_416,Page_104
Page_416,Page_485
Page_416,Page_5
Page_416,Page_56
Page_416,Page_661
Page_416,Page_921
Page_416,Page_999
Page_417,Page_42
Page_417,Page_422
Page_417,Page_473
Page_417,Page_957
Page_418,Page_326
Page_418,Page_337
Page_418,Page_661
Page_418,Page_675
Page_418,Page_769
Page_418,Page_77
Page_418,Page_786
Page_418,Page_925
Page_418,Page_934
Page_419,Page_624
Page_42,Page_981
Page_420,Page_413
Page_420,Page_615
Page_420,Page_715
Page_420,Page_848
Page_420,Page_969
Page_421,Page_205
Page_421,Page_312
Page_421,Page_756
Page_422,Page_210
Page_422,Page_329
Page_422,Page_831
Page_423,Page_450
Page_423,Page_568
Page_423,Page_593
Page_423,Page_894
Page_424,Page_182
Page_424,Page_323
Page_424,Page_475
Page_424,Page_541
Page_424,Page_543
Page_424,Page_616
Page_424,Page_700
Page_424,Page_844
Page_424,Page_862
Page_424,Page_977
Page_425,Page_104
Page_425,Page_205
Page_425,Page_291
Page_425,Page_304
Page_425,Page_335
Page_425,Page_34
Page_425,Page_447
Page_425,Page_499
Page_425,Page_762
Page_425,Page_829
Page_425,Page_832
Page_425,Page_988
Page_426,Page_180
Page_426,Page_338
Page_426,Page_508
Page_426,Page_527
Page_426,Page_925
Page_427,Page_554
Page_427,Page_718
Page_427,Page_873
Page_428,Page_14
Page_428,Page_325
Page_428,Page_360
Page_428,Page_535
Page_429,Page_121
Page_429,Page_144
Page_429,Page_241
Page_429,Page_376
Page_429,Page_638
Page_429,Page_733
Page_429,Page_904
Page_429,Page_934
Page_429,Page_942
Page_43,Page_286
Page_43,Page_487
Page_43,Page_717
Page_43,Page_90
Page_430,Page_206
Page_430,Page_531
Page_430,Page_541
Page_430,Page_598
Page_430,Page_665
Page_430,Page_695
Page_430,Page_758
Page_430,Page_951
Page_431,Page_424
Page_431,Page_5
Page_431,Page_541
Page_431,Page_654
Page_431,Page_859
Page_432,Page_870
Page_433,Page_168
Page_433,Page_583
Page_433,Page_590
Page_433,Page_784
Page_434,Page_271
Page_434,Page_443
Page_434,Page_453
Page_435,Page_180
Page_435,Page_359
Page_435,Page_678
Page_435,Page_799
Page_435,Page_808
Page_435,Page_842
Page_436,Page_224
Page_436,Page_518
Page_436,Page_583
Page_436,Page_615
Page_437,Page_237
Page_437,Page_320
Page_437,Page_343
Page_437,Page_349
Page_437,Page_351
Page_437,Page_644
Page_437,Page_791
Page_437,Page_828
Page_438,Page_678
Page_438,Page_812
Page_439,Page_245
Page_439,Page_551
Page_439,Page_645
Page_439,Page_734
Page_439,Page_967
Page_44,Page_515
Page_440,Page_710
Page_440,Page_803
Page_441,Page_144
Page_441,Page_719
Page_441,Page_838
Page_441,Page_848
Page_441,Page_860
Page_441,Page_993
Page_442,Page_38
Page_442,Page_528
Page_442,Page_530
Page_442,Page_590
Page_442,Page_637
Page_442,Page_994
Page_443,Page_123
Page_443,Page_331
Page_443,Page_807
Page_443,Page_943
Page_444,Page_337
Page_444,Page_357
Page_444,Page_403
Page_444,Page_42
Page_444,Page_542
Page_444,Page_625
Page_444,Page_995
Page_445,Page_118
Page_445,Page_588
Page_445,Page_764
Page_445,Page_826
Page_446,Page_116
Page_446,Page_315
Page_446,Page_602
Page_447,Page_295
Page_447,Page_523
Page_447,Page_536
Page_447,Page_554
Page_447,Page_599
Page_447,Page_651
Page_448,Page_210
Page_448,Page_239
Page_448,Page_242
Page_448,Page_250
Page_448,Page_562
Page_448,Page_653
Page_448,Page_722
Page_448,Page_740
Page_448,Page_770
Page_449,Page_156
Page_449,Page_163
Page_449,Page_167
Page_449,Page_265
Page_449,Page_333
Page_449,Page_513
Page_449,Page_553
Page_449,Page_646
Page_449,Page_673
Page_45,Page_102
Page_45,Page_23
Page_45,Page_651
Page_45,Page_656
Page_45,Page_812
Page_45,Page_983
Page_450,Page_398
Page_450,Page_545
Page_450,Page_926
Page_450,Page_942
Page_450,Page_959
Page_451,Page_128
Page_451,Page_134
Page_451,Page_267
Page_451,Page_72
Page_451,Page_787
Page_451,Page_877
Page_452,Page_100
Page_452,Page_412
Page_452,Page_659
Page_452,Page_996
Page_453,Page_4
Page_453,Page_562
Page_453,Page_710
Page_453,Page_772
Page_453,Page_892
Page_453,Page_97
Page_453,Page_980
Page_454,Page_2
Page_454,Page_306
Page_454,Page_315
Page_454,Page_325
Page_454,Page_491
Page_454,Page_79
Page_454,Page_932
Page_454,Page_973
Page_455,Page_258
Page_455,Page_879
Page_455,Page_901
Page_456,Page_286
Page_456,Page_500
Page_456,Page_606
Page_456,Page_86
Page_456,Page_892
Page_457,Page_25
Page_457,Page_294
Page_457,Page_3
Page_457,Page_376
Page_457,Page_592
Page_457,Page_787
Page_457,Page_946
Page_458,Page_423
Page_458,Page_527
Page_458,Page_690
Page_459,Page_16
Page_459,Page_250
Page_459,Page_289
Page_459,Page_545
Page_459,Page_680
Page_459,Page_719
Page_459,Page_781
Page_459,Page_782
Page_459,Page_831
Page_46,Page_112
Page_46,Page_163
Page_46,Page_423
Page_46,Page_759
Page_46,Page_817
Page_460,Page_376
Page_460,Page_51
Page_460,Page_528
Page_460,Page_549
Page_460,Page_602
Page_461,Page_112
Page_461,Page_124
Page_461,Page_314
Page_461,Page_487
Page_462,Page_18
Page_462,Page_458
Page_462,Page_850
Page_462,Page_973
Page_463,Page_851
Page_464,Page_142
Page_464,Page_30
Page_464,Page_333
Page_464,Page_379
Page_464,Page_613
Page_464,Page_781
Page_464,Page_856
Page_464,Page_90
Page_464,Page_989
Page_465,Page_247
Page_465,Page_600
Page_465,Page_622
Page_465,Page_758
Page_465,Page_808
Page_466,Page_138
Page_466,Page_200
Page_466,Page_37
Page_466,Page_379
Page_466,Page_512
Page_466,Page_595
Page_466,Page_820
Page_466,Page_873
Page_466,Page_993
Page_467,Page_307
Page_467,Page_863
Page_467,Page_919
Page_468,Page_295
Page_468,Page_608
Page_468,Page_717
Page_468,Page_727
Page_468,Page_81
Page_468,Page_917
Page_469,Page_157
Page_469,Page_198
Page_469,Page_382
Page_469,Page_407
Page_469,Page_607
Page_469,Page_639
Page_469,Page_683
Page_469,Page_698
Page_47,Page_11
Page_47,Page_198
Page_47,Page_601
Page_47,Page_855
Page_47,Page_912
Page_47,Page_956
Page_470,Page_153
Page_470,Page_170
Page_470,Page_259
Page_470,Page_381
Page_470,Page_56
Page_470,Page_575
Page_470,Page_876
Page_471,Page_652
Page_471,Page_805
Page_472,Page_107
Page_472,Page_533
Page_472,Page_560
Page_472,Page_820
Page_472,Page_831
Page_472,Page_893
Page_473,Page_227
Page_473,Page_378
Page_473,Page_429
Page_473,Page_454
Page_473,Page_471
Page_474,Page_239
Page_474,Page_354
Page_475,Page_670
Page_475,Page_75
Page_475,Page_8
Page_476,Page_353
Page_476,Page_376
Page_476,Page_74
Page_476,Page_789
Page_477,Page_179
Page_477,Page_607
Page_478,Page_326
Page_478,Page_542
Page_478,Page_571
Page_478,Page_698
Page_479,Page_240
Page_479,Page_305
Page_479,Page_559
Page_479,Page_60
Page_479,Page_998
Page_48,Page_13
Page_48,Page_190
Page_48,Page_272
Page_48,Page_449
Page_48,Page_589
Page_48,Page_607
Page_48,Page_655
Page_48,Page_788
Page_48,Page_798
Page_480,Page_149
Page_480,Page_380
Page_480,Page_582
Page_480,Page_60
Page_481,Page_166
Page_481,Page_681
Page_481,Page_709
Page_481,Page_76
Page_481,Page_952
Page_481,Page_982
Page_482,Page_10
Page_482,Page_140
Page_482,Page_235
Page_482,Page_322
Page_482,Page_555
Page_482,Page_846
Page_482,Page_850
Page_482,Page_986
Page_483,Page_347
Page_483,Page_516
Page_483,Page_535
Page_483,Page_643
Page_483,Page_903
Page_484,Page_329
Page_484,Page_485
Page_484,Page_588
Page_484,Page_989
Page_485,Page_408
Page_485,Page_544
Page_485,Page_704
Page_485,Page_707
Page_485,Page_798
Page_485,Page_890
Page_486,Page_141
Page_486,Page_421
Page_486,Page_97
Page_487,Page_561
Page_487,Page_599
Page_487,Page_87
Page_488,Page_933
Page_488,Page_979
Page_489,Page_471
Page_489,Page_753
Page_489,Page_828
Page_49,Page_629
Page_49,Page_971
Page_49,Page_982
Page_490,Page_126
Page_490,Page_150
Page_490,Page_177
Page_490,Page_361
Page_490,Page_547
Page_490,Page_620
Page_490,Page_716
Page_490,Page_73
Page_490,Page_790
Page_490,Page_794
Page_490,Page_809
Page_491,Page_137
Page_491,Page_14
Page_491,Page_24
Page_491,Page_670
Page_491,Page_809
Page_492,Page_340
Page_492,Page_349
Page_492,Page_585
Page_492,Page_605
Page_492,Page_70
Page_492,Page_798
Page_493,Page_240
Page_493,Page_473
Page_493,Page_678
Page_493,Page_720
Page_493,Page_8
Page_493,Page_898
Page_494,Page_136
Page_494,Page_268
Page_494,Page_313
Page_494,Page_46
Page_494,Page_637
Page_494,Page_641
Page_494,Page_838
Page_494,Page_965
Page_495,Page_115
Page_495,Page_152
Page_495,Page_333
Page_495,Page_611
Page_495,Page_686
Page_495,Page_761
Page_495,Page_955
Page_496,Page_227
Page_496,Page_638
Page_496,Page_842
Page_496,Page_844
Page_497,Page_139
Page_497,Page_185
Page_497,Page_355
Page_497,Page_594
Page_498,Page_345
Page_498,Page_493
Page_498,Page_617
Page_499,Page_23
Page_499,Page_776
Page_5,Page_138
Page_5,Page_517
Page_5,Page_950
Page_50,Page_102
Page_50,Page_139
Page_50,Page_324
Page_50,Page_575
Page_50,Page_736
Page_50,Page_74
Page_500,Page_317
Page_500,Page_652
Page_501,Page_136
Page_501,Page_575
Page_501,Page_667
Page_502,Page_257
Page_502,Page_382
Page_502,Page_780
Page_502,Page_785
Page_503,Page_243
Page_503,Page_347
Page_503,Page_382
Page_503,Page_439
Page_503,Page_793
Page_503,Page_866
Page_504,Page_100
Page_504,Page_199
Page_504,Page_310
Page_504,Page_583
Page_504,Page_839
Page_505,Page_484
Page_506,Page_147
Page_506,Page_418
Page_506,Page_46
Page_506,Page_625
Page_506,Page_640
Page_506,Page_7
Page_506,Page_813
Page_506,Page_83
Page_507,Page_131
Page_507,Page_184
Page_507,Page_205
Page_507,Page_22
Page_507,Page_261
Page_507,Page_322
Page_507,Page_356
Page_507,Page_365
Page_507,Page_452
Page_507,Page_492
Page_508,Page_177
Page_508,Page_340
Page_508,Page_363
Page_508,Page_401
Page_509,Page_202
Page_509,Page_235
Page_509,Page_313
Page_509,Page_452
Page_509,Page_81
Page_509,Page_920
Page_51,Page_114
Page_51,Page_372
Page_51,Page_467
Page_51,Page_469
Page_51,Page_897
Page_510,Page_174
Page_510,Page_190
Page_510,Page_209
Page_510,Page_454
Page_510,Page_457
Page_510,Page_623
Page_510,Page_857
Page_511,Page_397
Page_512,Page_135
Page_512,Page_150
Page_512,Page_163
Page_512,Page_935
Page_513,Page_62
Page_513,Page_723
Page_513,Page_775
Page_513,Page_865
Page_513,Page_885
Page_514,Page_111
Page_514,Page_279
Page_514,Page_423
Page_514,Page_833
Page_514,Page_912
Page_515,Page_404
Page_515,Page_699
Page_515,Page_760
Page_515,Page_881
Page_515,Page_983
Page_516,Page_250
Page_516,Page_594
Page_516,Page_801
Page_516,Page_868
Page_517,Page_142
Page_517,Page_181
Page_517,Page_358
Page_517,Page_481
Page_517,Page_828
Page_517,Page_876
Page_517,Page_962
Page_517,Page_973
Page_518,Page_325
Page_518,Page_441
Page_518,Page_451
Page_518,Page_495
Page_518,Page_616
Page_519,Page_264
Page_519,Page_580
Page_519,Page_590
Page_519,Page_676
Page_519,Page_712
Page_52,Page_283
Page_52,Page_432
Page_52,Page_499
Page_52,Page_685
Page_52,Page_885
Page_52,Page_914
Page_52,Page_979
Page_520,Page_389
Page_520,Page_44
Page_520,Page_523
Page_521,Page_436
Page_521,Page_732
Page_522,Page_150
Page_522,Page_389
Page_522,Page_498
Page_522,Page_535
Page_522,Page_591
Page_522,Page_660
Page_523,Page_239
Page_523,Page_291
Page_523,Page_326
Page_523,Page_355
Page_523,Page_683
Page_524,Page_327
Page_524,Page_516
Page_524,Page_58
Page_524,Page_696
Page_524,Page_854
Page_524,Page_947
Page_525,Page_155
Page_525,Page_394
Page_525,Page_71
Page_525,Page_906
Page_525,Page_987
Page_526,Page_459
Page_526,Page_91
Page_526,Page_926
Page_527,Page_142
Page_527,Page_260
Page_527,Page_391
Page_527,Page_470
Page_527,Page_601
Page_527,Page_765
Page_527,Page_796
Page_527,Page_961
Page_528,Page_118
Page_528,Page_12
Page_528,Page_226
Page_528,Page_32
Page_528,Page_701
Page_529,Page_410
Page_529,Page_854
Page_529,Page_962
Page_53,Page_190
Page_53,Page_348
Page_53,Page_626
Page_53,Page_865
Page_530,Page_55
Page_530,Page_560
Page_530,Page_655
Page_530,Page_751
Page_530,Page_834
Page_530,Page_980
Page_531,Page_217
Page_531,Page_265
Page_531,Page_780
Page_532,Page_385
Page_532,Page_413
Page_533,Page_213
Page_533,Page_270
Page_533,Page_285
Page_533,Page_321
Page_533,Page_480
Page_533,Page_902
Page_533,Page_987
Page_534,Page_415
Page_534,Page_531
Page_534,Page_579
Page_534,Page_585
Page_534,Page_599
Page_534,Page_677
Page_534,Page_977
Page_535,Page_128
Page_535,Page_189
Page_535,Page_295
Page_535,Page_341
Page_535,Page_377
Page_535,Page_559
Page_535,Page_613
Page_535,Page_986
Page_536,Page_222
Page_536,Page_225
Page_536,Page_403
Page_536,Page_603
Page_536,Page_654
Page_536,Page_67
Page_536,Page_695
Page_537,Page_144
Page_537,Page_261
Page_537,Page_672
Page_537,Page_701
Page_537,Page_876
Page_537,Page_944
Page_537,Page_995
Page_538,Page_254
Page_538,Page_737
Page_538,Page_768
Page_538,Page_83
Page_538,Page_873
Page_539,Page_168
Page_539,Page_647
Page_539,Page_652
Page_539,Page_970
Page_54,Page_291
Page_54,Page_313
Page_54,Page_370
Page_54,Page_661
Page_54,Page_689
Page_54,Page_8
Page_540,Page_100
Page_540,Page_867
Page_541,Page_309
Page_541,Page_356
Page_541,Page_486
Page_541,Page_602
Page_541,Page_680
Page_541,Page_844
Page_541,Page_927
Page_541,Page_928
Page_541,Page_974
Page_542,Page_114
Page_542,Page_205
Page_542,Page_97
Page_543,Page_12
Page_543,Page_363
Page_543,Page_393
Page_543,Page_503
Page_543,Page_677
Page_543,Page_809
Page_543,Page_866
Page_543,Page_970
Page_544,Page_114
Page_544,Page_233
Page_544,Page_564
Page_544,Page_567
Page_544,Page_827
Page_544,Page_912
Page_544,Page_920
Page_544,Page_94
Page_545,Page_510
Page_545,Page_804
Page_545,Page_818
Page_545,Page_827
Page_546,Page_246
Page_546,Page_502
Page_546,Page_74
Page_546,Page_762
Page_547,Page_291
Page_547,Page_312
Page_547,Page_389
Page_547,Page_392
Page_547,Page_645
Page_547,Page_679
Page_548,Page_491
Page_548,Page_544
Page_548,Page_556
Page_548,Page_572
Page_548,Page_650
Page_548,Page_767
Page_549,Page_34
Page_549,Page_358
Page_549,Page_365
Page_549,Page_43
Page_55,Page_120
Page_55,Page_548
Page_55,Page_63
Page_55,Page_805
Page_550,Page_182
Page_550,Page_390
Page_550,Page_481
Page_550,Page_629
Page_550,Page_684
Page_550,Page_759
Page_551,Page_137
Page_551,Page_148
Page_551,Page_305
Page_551,Page_403
Page_551,Page_666
Page_552,Page_461
Page_552,Page_584
Page_552,Page_609
Page_552,Page_666
Page_552,Page_77
Page_553,Page_368
Page_553,Page_480
Page_553,Page_589
Page_553,Page_677
Page_553,Page_681
Page_553,Page_978
Page_554,Page_348
Page_554,Page_418
Page_554,Page_510
Page_554,Page_551
Page_554,Page_740
Page_554,Page_878
Page_555,Page_126
Page_555,Page_134
Page_555,Page_168
Page_555,Page_188
Page_555,Page_197
Page_555,Page_396
Page_555,Page_539
Page_556,Page_20
Page_556,Page_23
Page_556,Page_382
Page_556,Page_436
Page_556,Page_620
Page_556,Page_682
Page_556,Page_942
Page_557,Page_242
Page_557,Page_301
Page_557,Page_314
Page_557,Page_598
Page_557,Page_636
Page_557,Page_638
Page_557,Page_733
Page_557,Page_873
Page_557,Page_92
Page_558,Page_650
Page_559,Page_206
Page_559,Page_280
Page_559,Page_474
Page_559,Page_581
Page_559,Page_847
Page_56,Page_188
Page_560,Page_23
Page_560,Page_273
Page_560,Page_327
Page_560,Page_354
Page_560,Page_484
Page_560,Page_907
Page_560,Page_930
Page_560,Page_960
Page_560,Page_971
Page_560,Page_985
Page_561,Page_120
Page_561,Page_231
Page_561,Page_325
Page_561,Page_338
Page_561,Page_498
Page_562,Page_175
Page_562,Page_376
Page_562,Page_645
Page_562,Page_665
Page_563,Page_559
Page_563,Page_704
Page_563,Page_826
Page_563,Page_9
Page_564,Page_126
Page_564,Page_317
Page_564,Page_446
Page_564,Page_601
Page_564,Page_840
Page_564,Page_929
Page_565,Page_473
Page_565,Page_700
Page_566,Page_509
Page_566,Page_594
Page_566,Page_61
Page_566,Page_642
Page_566,Page_643
Page_566,Page_690
Page_566,Page_693
Page_566,Page_762
Page_566,Page_828
Page_566,Page_870
Page_566,Page_962
Page_567,Page_146
Page_567,Page_334
Page_567,Page_44
Page_567,Page_563
Page_567,Page_852
Page_567,Page_985
Page_568,Page_151
Page_568,Page_168
Page_568,Page_335
Page_568,Page_484
Page_568,Page_565
Page_568,Page_858
Page_568,Page_974
Page_569,Page_292
Page_569,Page_55
Page_57,Page_101
Page_57,Page_118
Page_57,Page_426
Page_57,Page_921
Page_570,Page_205
Page_570,Page_247
Page_570,Page_565
Page_570,Page_592
Page_570,Page_881
Page_570,Page_936
Page_570,Page_99
Page_571,Page_135
Page_571,Page_568
Page_571,Page_711
Page_571,Page_896
Page_572,Page_376
Page_572,Page_472
Page_572,Page_489
Page_573,Page_110
Page_573,Page_245
Page_573,Page_304
Page_573,Page_340
Page_573,Page_496
Page_573,Page_710
Page_574,Page_274
Page_574,Page_437
Page_574,Page_483
Page_574,Page_501
Page_574,Page_555
Page_574,Page_896
Page_575,Page_203
Page_575,Page_424
Page_575,Page_703
Page_575,Page_981
Page_576,Page_46
Page_576,Page_496
Page_576,Page_700
Page_576,Page_818
Page_576,Page_892
Page_576,Page_991
Page_577,Page_266
Page_577,Page_385
Page_577,Page_687
Page_577,Page_96
Page_578,Page_513
Page_578,Page_704
Page_578,Page_768
Page_578,Page_856
Page_579,Page_163
Page_579,Page_459
Page_579,Page_637
Page_579,Page_715
Page_579,Page_751
Page_579,Page_994
Page_58,Page_105
Page_58,Page_214
Page_58,Page_289
Page_580,Page_157
Page_580,Page_268
Page_580,Page_538
Page_580,Page_558
Page_580,Page_584
Page_581,Page_169
Page_581,Page_263
Page_581,Page_310
Page_581,Page_64
Page_581,Page_726
Page_582,Page_24
Page_582,Page_455
Page_582,Page_620
Page_582,Page_755
Page_582,Page_86
Page_582,Page_965
Page_583,Page_120
Page_583,Page_128
Page_583,Page_151
Page_583,Page_274
Page_583,Page_388
Page_583,Page_401
Page_583,Page_48
Page_583,Page_516
Page_583,Page_684
Page_584,Page_2
Page_584,Page_346
Page_584,Page_367
Page_584,Page_369
Page_584,Page_765
Page_585,Page_285
Page_585,Page_324
Page_585,Page_724
Page_585,Page_961
Page_586,Page_958
Page_587,Page_135
Page_587,Page_240
Page_587,Page_451
Page_587,Page_508
Page_587,Page_826
Page_587,Page_984
Page_588,Page_101
Page_588,Page_492
Page_588,Page_72
Page_588,Page_784
Page_588,Page_929
Page_589,Page_780
Page_589,Page_833
Page_589,Page_834
Page_589,Page_88
Page_59,Page_311
Page_59,Page_32
Page_59,Page_492
Page_59,Page_629
Page_59,Page_795
Page_59,Page_896
Page_59,Page_949
Page_590,Page_369
Page_590,Page_684
Page_590,Page_695
Page_590,Page_924
Page_591,Page_107
Page_591,Page_474
Page_591,Page_842
Page_591,Page_897
Page_592,Page_182
Page_592,Page_256
Page_592,Page_304
Page_592,Page_328
Page_592,Page_486
Page_593,Page_10
Page_593,Page_111
Page_593,Page_172
Page_593,Page_194
Page_593,Page_306
Page_593,Page_44
Page_593,Page_573
Page_593,Page_62
Page_593,Page_664
Page_594,Page_19
Page_594,Page_491
Page_595,Page_123
Page_595,Page_164
Page_595,Page_547
Page_596,Page_424
Page_596,Page_472
Page_596,Page_738
Page_596,Page_94
Page_596,Page_99
Page_597,Page_163
Page_597,Page_30
Page_597,Page_392
Page_597,Page_552
Page_597,Page_561
Page_597,Page_60
Page_597,Page_623
Page_597,Page_641
Page_597,Page_684
Page_597,Page_868
Page_598,Page_132
Page_598,Page_170
Page_598,Page_187
Page_598,Page_322
Page_598,Page_669
Page_598,Page_872
Page_599,Page_231
Page_599,Page_624
Page_599,Page_684
Page_6,Page_452
Page_60,Page_11
Page_60,Page_493
Page_60,Page_542
Page_60,Page_909
Page_600,Page_426
Page_600,Page_663
Page_600,Page_84
Page_600,Page_845
Page_601,Page_178
Page_601,Page_197
Page_601,Page_214
Page_601,Page_246
Page_601,Page_38
Page_601,Page_465
Page_601,Page_535
Page_601,Page_698
Page_601,Page_868
Page_601,Page_930
Page_602,Page_103
Page_602,Page_247
Page_602,Page_512
Page_602,Page_519
Page_602,Page_562
Page_602,Page_887
Page_602,Page_973
Page_603,Page_316
Page_603,Page_500
Page_603,Page_508
Page_603,Page_543
Page_603,Page_946
Page_604,Page_16
Page_604,Page_196
Page_604,Page_253
Page_604,Page_280
Page_604,Page_395
Page_604,Page_45
Page_604,Page_496
Page_604,Page_715
Page_604,Page_755
Page_604,Page_939
Page_605,Page_274
Page_605,Page_557
Page_605,Page_610
Page_605,Page_635
Page_605,Page_853
Page_606,Page_130
Page_606,Page_152
Page_606,Page_251
Page_606,Page_285
Page_606,Page_300
Page_606,Page_370
Page_606,Page_419
Page_606,Page_735
Page_606,Page_923
Page_607,Page_233
Page_607,Page_300
Page_607,Page_419
Page_607,Page_560
Page_607,Page_717
Page_608,Page_167
Page_608,Page_600
Page_608,Page_685
Page_608,Page_914
Page_609,Page_218
Page_609,Page_282
Page_609,Page_524
Page_609,Page_676
Page_609,Page_902
Page_61,Page_262
Page_61,Page_685
Page_61,Page_750
Page_610,Page_160
Page_610,Page_34
Page_610,Page_367
Page_610,Page_432
Page_610,Page_743
Page_611,Page_26
Page_611,Page_417
Page_611,Page_518
Page_611,Page_559
Page_611,Page_68
Page_611,Page_79
Page_611,Page_961
Page_612,Page_388
Page_612,Page_877
Page_613,Page_130
Page_613,Page_389
Page_613,Page_484
Page_613,Page_524
Page_613,Page_738
Page_613,Page_78
Page_614,Page_345
Page_614,Page_683
Page_614,Page_755
Page_614,Page_783
Page_615,Page_178
Page_615,Page_18
Page_615,Page_185
Page_615,Page_198
Page_615,Page_239
Page_615,Page_310
Page_615,Page_661
Page_616,Page_161
Page_616,Page_191
Page_616,Page_348
Page_616,Page_505
Page_617,Page_237
Page_617,Page_570
Page_617,Page_590
Page_618,Page_312
Page_618,Page_361
Page_618,Page_60
Page_618,Page_72
Page_618,Page_914
Page_618,Page_938
Page_619,Page_141
Page_619,Page_20
Page_619,Page_328
Page_62,Page_293
Page_62,Page_314
Page_62,Page_324
Page_62,Page_36
Page_62,Page_404
Page_62,Page_413
Page_62,Page_45
Page_62,Page_469
Page_62,Page_840
Page_62,Page_859
Page_62,Page_910
Page_620,Page_463
Page_620,Page_547
Page_620,Page_606
Page_620,Page_763
Page_620,Page_830
Page_621,Page_106
Page_621,Page_236
Page_621,Page_31
Page_621,Page_876
Page_621,Page_995
Page_622,Page_190
Page_622,Page_198
Page_622,Page_689
Page_624,Page_179
Page_624,Page_367
Page_624,Page_438
Page_624,Page_527
Page_624,Page_566
Page_624,Page_618
Page_624,Page_648
Page_624,Page_722
Page_624,Page_881
Page_625,Page_292
Page_625,Page_864
Page_625,Page_897
Page_625,Page_965
Page_625,Page_995
Page_626,Page_103
Page_626,Page_186
Page_626,Page_187
Page_626,Page_443
Page_626,Page_453
Page_626,Page_796
Page_627,Page_428
Page_627,Page_92
Page_628,Page_216
Page_628,Page_622
Page_628,Page_741
Page_628,Page_844
Page_629,Page_265
Page_629,Page_299
Page_629,Page_923
Page_63,Page_179
Page_63,Page_22
Page_63,Page_248
Page_63,Page_475
Page_63,Page_602
Page_63,Page_678
Page_630,Page_266
Page_630,Page_458
Page_630,Page_571
Page_630,Page_628
Page_630,Page_953
Page_631,Page_249
Page_631,Page_265
Page_631,Page_297
Page_631,Page_310
Page_631,Page_366
Page_631,Page_368
Page_631,Page_895
Page_632,Page_241
Page_632,Page_267
Page_632,Page_561
Page_632,Page_77
Page_632,Page_87
Page_632,Page_898
Page_632,Page_915
Page_633,Page_275
Page_633,Page_538
Page_633,Page_794
Page_633,Page_961
Page_634,Page_187
Page_634,Page_450
Page_634,Page_53
Page_634,Page_741
Page_634,Page_841
Page_634,Page_916
Page_634,Page_974
Page_635,Page_245
Page_635,Page_538
Page_636,Page_67
Page_636,Page_727
Page_636,Page_758
Page_636,Page_858
Page_637,Page_339
Page_637,Page_368
Page_637,Page_468
Page_637,Page_735
Page_637,Page_991
Page_638,Page_105
Page_638,Page_164
Page_638,Page_174
Page_638,Page_24
Page_638,Page_268
Page_638,Page_301
Page_638,Page_328
Page_638,Page_349
Page_638,Page_784
Page_638,Page_905
Page_638,Page_954
Page_639,Page_18
Page_639,Page_33
Page_639,Page_547
Page_639,Page_586
Page_639,Page_832
Page_639,Page_965
Page_64,Page_676
Page_640,Page_268
Page_640,Page_506
Page_640,Page_623
Page_640,Page_717
Page_640,Page_728
Page_641,Page_699
Page_641,Page_843
Page_641,Page_895
Page_642,Page_312
Page_642,Page_418
Page_642,Page_597
Page_642,Page_633
Page_642,Page_722
Page_642,Page_729
Page_642,Page_775
Page_643,Page_132
Page_643,Page_278
Page_643,Page_364
Page_643,Page_515
Page_643,Page_550
Page_643,Page_567
Page_643,Page_678
Page_643,Page_773
Page_643,Page_835
Page_644,Page_842
Page_644,Page_931
Page_646,Page_16
Page_646,Page_504
Page_646,Page_579
Page_646,Page_784
Page_646,Page_976
Page_647,Page_23
Page_647,Page_544
Page_647,Page_767
Page_647,Page_858
Page_648,Page_265
Page_648,Page_273
Page_648,Page_82
Page_649,Page_105
Page_649,Page_24
Page_649,Page_714
Page_649,Page_722
Page_649,Page_786
Page_649,Page_918
Page_65,Page_480
Page_65,Page_50
Page_65,Page_756
Page_65,Page_862
Page_650,Page_404
Page_650,Page_764
Page_650,Page_796
Page_651,Page_362
Page_651,Page_382
Page_651,Page_392
Page_651,Page_817
Page_652,Page_246
Page_652,Page_307
Page_652,Page_416
Page_652,Page_484
Page_652,Page_490
Page_652,Page_575
Page_652,Page_914
Page_653,Page_439
Page_653,Page_527
Page_653,Page_744
Page_654,Page_133
Page_654,Page_201
Page_654,Page_319
Page_654,Page_492
Page_654,Page_743
Page_654,Page_798
Page_655,Page_112
Page_655,Page_261
Page_655,Page_28
Page_655,Page_384
Page_655,Page_421
Page_656,Page_211
Page_656,Page_23
Page_656,Page_266
Page_656,Page_420
Page_656,Page_447
Page_656,Page_691
Page_656,Page_739
Page_657,Page_157
Page_657,Page_245
Page_657,Page_466
Page_657,Page_538
Page_657,Page_573
Page_657,Page_97
Page_658,Page_270
Page_658,Page_480
Page_658,Page_726
Page_658,Page_847
Page_659,Page_658
Page_659,Page_736
Page_659,Page_778
Page_659,Page_879
Page_659,Page_886
Page_659,Page_938
Page_659,Page_960
Page_66,Page_159
Page_66,Page_75
Page_660,Page_164
Page_660,Page_190
Page_660,Page_47
Page_660,Page_536
Page_660,Page_551
Page_660,Page_782
Page_660,Page_855
Page_660,Page_88
Page_660,Page_886
Page_661,Page_484
Page_661,Page_549
Page_661,Page_980
Page_662,Page_404
Page_662,Page_418
Page_662,Page_56
Page_662,Page_614
Page_662,Page_625
Page_662,Page_647
Page_662,Page_75
Page_662,Page_867
Page_662,Page_938
Page_663,Page_144
Page_663,Page_157
Page_663,Page_345
Page_663,Page_621
Page_663,Page_635
Page_663,Page_976
Page_664,Page_116
Page_664,Page_385
Page_664,Page_489
Page_664,Page_91
Page_665,Page_310
Page_665,Page_46
Page_665,Page_632
Page_665,Page_714
Page_665,Page_828
Page_666,Page_135
Page_666,Page_327
Page_666,Page_380
Page_666,Page_80
Page_666,Page_970
Page_667,Page_173
Page_667,Page_562
Page_667,Page_919
Page_668,Page_121
Page_668,Page_165
Page_668,Page_17
Page_668,Page_3
Page_668,Page_727
Page_669,Page_327
Page_669,Page_557
Page_669,Page_629
Page_669,Page_969
Page_67,Page_262
Page_67,Page_413
Page_67,Page_471
Page_67,Page_622
Page_67,Page_660
Page_67,Page_751
Page_670,Page_107
Page_670,Page_445
Page_670,Page_590
Page_670,Page_688
Page_670,Page_768
Page_670,Page_868
Page_670,Page_95
Page_670,Page_992
Page_671,Page_61
Page_671,Page_769
Page_671,Page_774
Page_672,Page_105
Page_672,Page_114
Page_672,Page_15
Page_672,Page_561
Page_672,Page_693
Page_672,Page_791
Page_673,Page_21
Page_673,Page_383
Page_673,Page_92
Page_673,Page_999
Page_674,Page_142
Page_674,Page_225
Page_674,Page_357
Page_674,Page_396
Page_674,Page_581
Page_674,Page_61
Page_674,Page_669
Page_674,Page_689
Page_674,Page_858
Page_674,Page_929
Page_675,Page_233
Page_675,Page_64
Page_675,Page_679
Page_675,Page_829
Page_675,Page_925
Page_676,Page_12
Page_676,Page_22
Page_676,Page_492
Page_676,Page_517
Page_676,Page_798
Page_676,Page_816
Page_676,Page_917
Page_677,Page_111
Page_677,Page_198
Page_677,Page_201
Page_677,Page_81
Page_677,Page_973
Page_678,Page_116
Page_678,Page_514
Page_678,Page_59
Page_679,Page_336
Page_679,Page_424
Page_679,Page_585
Page_679,Page_813
Page_679,Page_971
Page_68,Page_518
Page_68,Page_698
Page_68,Page_774
Page_680,Page_127
Page_680,Page_83
Page_680,Page_894
Page_680,Page_943
Page_681,Page_41
Page_681,Page_570
Page_681,Page_684
Page_681,Page_888
Page_682,Page_435
Page_682,Page_473
Page_682,Page_508
Page_682,Page_680
Page_682,Page_740
Page_682,Page_826
Page_682,Page_987
Page_683,Page_10
Page_683,Page_260
Page_683,Page_296
Page_683,Page_310
Page_683,Page_366
Page_683,Page_966
Page_683,Page_973
Page_684,Page_120
Page_684,Page_196
Page_684,Page_2
Page_684,Page_232
Page_684,Page_293
Page_684,Page_78
Page_684,Page_872
Page_684,Page_936
Page_685,Page_422
Page_685,Page_468
Page_685,Page_949
Page_686,Page_253
Page_686,Page_282
Page_686,Page_436
Page_686,Page_86
Page_687,Page_48
Page_687,Page_715
Page_687,Page_957
Page_688,Page_414
Page_688,Page_537
Page_688,Page_571
Page_688,Page_583
Page_688,Page_613
Page_689,Page_177
Page_689,Page_337
Page_689,Page_798
Page_689,Page_900
Page_689,Page_972
Page_69,Page_139
Page_69,Page_327
Page_69,Page_413
Page_69,Page_517
Page_69,Page_674
Page_69,Page_755
Page_69,Page_936
Page_69,Page_955
Page_690,Page_368
Page_690,Page_377
Page_690,Page_464
Page_690,Page_80
Page_691,Page_208
Page_691,Page_299
Page_691,Page_734
Page_691,Page_849
Page_692,Page_320
Page_692,Page_427
Page_692,Page_432
Page_693,Page_398
Page_693,Page_42
Page_693,Page_443
Page_693,Page_592
Page_693,Page_633
Page_693,Page_734
Page_694,Page_155
Page_694,Page_911
Page_695,Page_333
Page_695,Page_393
Page_695,Page_460
Page_695,Page_62
Page_695,Page_778
Page_696,Page_255
Page_696,Page_288
Page_696,Page_412
Page_696,Page_472
Page_696,Page_488
Page_696,Page_503
Page_696,Page_512
Page_696,Page_598
Page_696,Page_635
Page_696,Page_65
Page_696,Page_927
Page_697,Page_140
Page_697,Page_28
Page_697,Page_608
Page_697,Page_691
Page_697,Page_818
Page_698,Page_588
Page_698,Page_905
Page_698,Page_936
Page_699,Page_120
Page_699,Page_222
Page_699,Page_802
Page_7,Page_17
Page_7,Page_276
Page_7,Page_451
Page_7,Page_786
Page_7,Page_807
Page_7,Page_907
Page_70,Page_380
Page_70,Page_419
Page_70,Page_598
Page_70,Page_671
Page_700,Page_144
Page_700,Page_166
Page_700,Page_178
Page_700,Page_339
Page_700,Page_567
Page_700,Page_583
Page_700,Page_734
Page_700,Page_954
Page_701,Page_373
Page_701,Page_486
Page_701,Page_589
Page_701,Page_959
Page_702,Page_512
Page_702,Page_520
Page_702,Page_714
Page_702,Page_904
Page_703,Page_279
Page_703,Page_667
Page_704,Page_334
Page_704,Page_42
Page_704,Page_513
Page_704,Page_857
Page_705,Page_289
Page_705,Page_767
Page_706,Page_548
Page_706,Page_598
Page_707,Page_379
Page_707,Page_541
Page_707,Page_562
Page_707,Page_671
Page_708,Page_175
Page_708,Page_45
Page_708,Page_526
Page_708,Page_54
Page_708,Page_67
Page_708,Page_735
Page_708,Page_973
Page_709,Page_530
Page_71,Page_184
Page_71,Page_36
Page_71,Page_717
Page_71,Page_953
Page_710,Page_173
Page_710,Page_271
Page_710,Page_395
Page_710,Page_585
Page_710,Page_65
Page_710,Page_67
Page_710,Page_934
Page_711,Page_522
Page_711,Page_658
Page_712,Page_408
Page_712,Page_440
Page_712,Page_536
Page_712,Page_706
Page_712,Page_748
Page_712,Page_780
Page_713,Page_220
Page_713,Page_270
Page_713,Page_335
Page_713,Page_516
Page_713,Page_68
Page_713,Page_693
Page_713,Page_738
Page_714,Page_471
Page_714,Page_502
Page_715,Page_138
Page_715,Page_287
Page_715,Page_376
Page_715,Page_458
Page_715,Page_57
Page_715,Page_707
Page_715,Page_89
Page_716,Page_122
Page_716,Page_147
Page_716,Page_191
Page_716,Page_203
Page_716,Page_237
Page_716,Page_547
Page_716,Page_611
Page_716,Page_86
Page_716,Page_90
Page_717,Page_194
Page_717,Page_274
Page_717,Page_305
Page_717,Page_330
Page_717,Page_449
Page_717,Page_498
Page_717,Page_557
Page_717,Page_577
Page_717,Page_689
Page_717,Page_906
Page_717,Page_992
Page_719,Page_131
Page_719,Page_201
Page_719,Page_22
Page_719,Page_236
Page_719,Page_684
Page_719,Page_729
Page_719,Page_852
Page_719,Page_966
Page_72,Page_142
Page_72,Page_635
Page_72,Page_672
Page_72,Page_750
Page_72,Page_789
Page_72,Page_893
Page_72,Page_90
Page_72,Page_939
Page_720,Page_181
Page_720,Page_375
Page_720,Page_816
Page_721,Page_622
Page_721,Page_652
Page_722,Page_234
Page_722,Page_26
Page_722,Page_718
Page_722,Page_791
Page_723,Page_448
Page_723,Page_469
Page_723,Page_596
Page_723,Page_642
Page_723,Page_814
Page_724,Page_167
Page_724,Page_179
Page_724,Page_390
Page_724,Page_694
Page_724,Page_696
Page_724,Page_710
Page_724,Page_721
Page_724,Page_770
Page_725,Page_237
Page_725,Page_293
Page_726,Page_680
Page_726,Page_743
Page_726,Page_9
Page_726,Page_960
Page_727,Page_169
Page_727,Page_235
Page_727,Page_31
Page_727,Page_556
Page_728,Page_196
Page_728,Page_313
Page_728,Page_521
Page_728,Page_659
Page_728,Page_692
Page_728,Page_738
Page_728,Page_814
Page_728,Page_862
Page_728,Page_892
Page_729,Page_243
Page_729,Page_27
Page_729,Page_377
Page_729,Page_431
Page_729,Page_600
Page_729,Page_665
Page_729,Page_890
Page_729,Page_980
Page_73,Page_630
Page_73,Page_669
Page_73,Page_671
Page_73,Page_770
Page_73,Page_844
Page_730,Page_220
Page_730,Page_437
Page_730,Page_439
Page_730,Page_80
Page_730,Page_887
Page_730,Page_974
Page_731,Page_703
Page_731,Page_803
Page_731,Page_969
Page_732,Page_109
Page_732,Page_379
Page_733,Page_238
Page_733,Page_403
Page_733,Page_47
Page_733,Page_484
Page_733,Page_728
Page_733,Page_897
Page_734,Page_211
Page_734,Page_489
Page_734,Page_582
Page_734,Page_775
Page_735,Page_518
Page_735,Page_683
Page_735,Page_774
Page_735,Page_894
Page_735,Page_924
Page_735,Page_979
Page_736,Page_728
Page_736,Page_898
Page_736,Page_92
Page_736,Page_979
Page_737,Page_296
Page_737,Page_456
Page_737,Page_550
Page_737,Page_689
Page_737,Page_744
Page_738,Page_307
Page_738,Page_323
Page_738,Page_469
Page_738,Page_96
Page_739,Page_174
Page_739,Page_207
Page_739,Page_805
Page_739,Page_824
Page_739,Page_946
Page_739,Page_949
Page_739,Page_959
Page_739,Page_988
Page_74,Page_260
Page_74,Page_872
Page_74,Page_98
Page_74,Page_993
Page_740,Page_210
Page_740,Page_391
Page_740,Page_492
Page_740,Page_681
Page_740,Page_699
Page_740,Page_776
Page_740,Page_823
Page_741,Page_428
Page_741,Page_444
Page_741,Page_661
Page_741,Page_698
Page_741,Page_903
Page_742,Page_197
Page_742,Page_355
Page_742,Page_543
Page_742,Page_703
Page_742,Page_752
Page_742,Page_939
Page_743,Page_344
Page_743,Page_450
Page_743,Page_708
Page_743,Page_786
Page_743,Page_796
Page_744,Page_213
Page_744,Page_306
Page_745,Page_63
Page_745,Page_758
Page_745,Page_869
Page_745,Page_979
Page_746,Page_138
Page_746,Page_183
Page_746,Page_190
Page_746,Page_535
Page_746,Page_785
Page_746,Page_850
Page_746,Page_978
Page_746,Page_999
Page_747,Page_455
Page_747,Page_558
Page_748,Page_157
Page_748,Page_288
Page_748,Page_382
Page_748,Page_450
Page_748,Page_549
Page_748,Page_563
Page_748,Page_654
Page_748,Page_757
Page_748,Page_90
Page_749,Page_217
Page_749,Page_263
Page_749,Page_462
Page_749,Page_591
Page_749,Page_739
Page_749,Page_849
Page_749,Page_913
Page_75,Page_334
Page_75,Page_355
Page_75,Page_500
Page_75,Page_661
Page_75,Page_974
Page_750,Page_233
Page_750,Page_258
Page_750,Page_263
Page_750,Page_647
Page_750,Page_982
Page_751,Page_107
Page_751,Page_130
Page_751,Page_249
Page_751,Page_418
Page_751,Page_433
Page_751,Page_746
Page_751,Page_771
Page_752,Page_17
Page_752,Page_318
Page_752,Page_469
Page_752,Page_594
Page_752,Page_749
Page_753,Page_243
Page_753,Page_254
Page_753,Page_387
Page_753,Page_578
Page_753,Page_684
Page_753,Page_702
Page_753,Page_728
Page_753,Page_78
Page_753,Page_901
Page_754,Page_161
Page_754,Page_915
Page_754,Page_988
Page_755,Page_288
Page_755,Page_352
Page_755,Page_484
Page_755,Page_641
Page_755,Page_649
Page_755,Page_835
Page_755,Page_854
Page_755,Page_959
Page_755,Page_979
Page_755,Page_988
Page_756,Page_261
Page_756,Page_406
Page_756,Page_422
Page_756,Page_496
Page_756,Page_753
Page_756,Page_825
Page_756,Page_928
Page_756,Page_955
Page_757,Page_218
Page_757,Page_221
Page_757,Page_320
Page_757,Page_546
Page_757,Page_766
Page_758,Page_139
Page_758,Page_307
Page_758,Page_633
Page_758,Page_702
Page_758,Page_807
Page_758,Page_858
Page_759,Page_195
Page_759,Page_326
Page_759,Page_659
Page_76,Page_225
Page_76,Page_230
Page_76,Page_450
Page_76,Page_959
Page_760,Page_232
Page_760,Page_511
Page_760,Page_711
Page_761,Page_643
Page_761,Page_775
Page_762,Page_297
Page_762,Page_373
Page_762,Page_509
Page_762,Page_582
Page_763,Page_126
Page_763,Page_280
Page_763,Page_358
Page_763,Page_360
Page_763,Page_417
Page_763,Page_540
Page_763,Page_619
Page_763,Page_661
Page_763,Page_790
Page_764,Page_370
Page_764,Page_488
Page_764,Page_527
Page_764,Page_600
Page_764,Page_865
Page_764,Page_882
Page_765,Page_556
Page_766,Page_121
Page_766,Page_779
Page_767,Page_304
Page_767,Page_384
Page_767,Page_755
Page_767,Page_840
Page_767,Page_912
Page_768,Page_340
Page_768,Page_536
Page_768,Page_833
Page_769,Page_652
Page_769,Page_753
Page_769,Page_869
Page_77,Page_215
Page_77,Page_257
Page_77,Page_901
Page_770,Page_145
Page_770,Page_423
Page_770,Page_514
Page_770,Page_544
Page_770,Page_708
Page_770,Page_764
Page_771,Page_170
Page_771,Page_422
Page_771,Page_450
Page_771,Page_468
Page_771,Page_565
Page_771,Page_674
Page_771,Page_778
Page_772,Page_117
Page_772,Page_32
Page_772,Page_320
Page_772,Page_528
Page_772,Page_719
Page_772,Page_768
Page_772,Page_931
Page_773,Page_354
Page_773,Page_644
Page_773,Page_953
Page_773,Page_973
Page_774,Page_325
Page_774,Page_636
Page_774,Page_670
Page_774,Page_740
Page_774,Page_861
Page_775,Page_60
Page_775,Page_807
Page_776,Page_322
Page_777,Page_230
Page_778,Page_224
Page_778,Page_555
Page_778,Page_85
Page_779,Page_532
Page_779,Page_581
Page_779,Page_99
Page_78,Page_267
Page_78,Page_479
Page_78,Page_534
Page_78,Page_584
Page_78,Page_670
Page_78,Page_69
Page_780,Page_959
Page_781,Page_167
Page_781,Page_524
Page_781,Page_583
Page_781,Page_661
Page_781,Page_675
Page_781,Page_758
Page_781,Page_767
Page_781,Page_808
Page_781,Page_999
Page_782,Page_473
Page_782,Page_551
Page_782,Page_598
Page_782,Page_603
Page_783,Page_160
Page_783,Page_254
Page_783,Page_347
Page_783,Page_379
Page_783,Page_89
Page_783,Page_915
Page_784,Page_184
Page_784,Page_260
Page_784,Page_364
Page_784,Page_4
Page_784,Page_484
Page_784,Page_74
Page_784,Page_852
Page_784,Page_921
Page_785,Page_438
Page_785,Page_519
Page_786,Page_230
Page_786,Page_251
Page_786,Page_634
Page_786,Page_717
Page_786,Page_855
Page_786,Page_888
Page_786,Page_897
Page_787,Page_611
Page_787,Page_663
Page_787,Page_821
Page_787,Page_897
Page_788,Page_130
Page_788,Page_220
Page_788,Page_233
Page_788,Page_260
Page_788,Page_377
Page_788,Page_874
Page_789,Page_162
Page_789,Page_355
Page_789,Page_414
Page_789,Page_638
Page_79,Page_258
Page_79,Page_397
Page_790,Page_20
Page_790,Page_292
Page_790,Page_36
Page_790,Page_396
Page_790,Page_949
Page_790,Page_985
Page_791,Page_174
Page_791,Page_231
Page_791,Page_737
Page_791,Page_787
Page_791,Page_805
Page_791,Page_812
Page_791,Page_849
Page_791,Page_925
Page_792,Page_100
Page_792,Page_187
Page_792,Page_203
Page_792,Page_411
Page_792,Page_607
Page_792,Page_85
Page_793,Page_123
Page_793,Page_337
Page_793,Page_406
Page_793,Page_673
Page_793,Page_846
Page_794,Page_310
Page_794,Page_368
Page_794,Page_413
Page_794,Page_429
Page_794,Page_789
Page_794,Page_818
Page_794,Page_820
Page_795,Page_221
Page_795,Page_696
Page_795,Page_850
Page_796,Page_473
Page_796,Page_55
Page_796,Page_670
Page_796,Page_705
Page_797,Page_337
Page_797,Page_412
Page_797,Page_428
Page_798,Page_194
Page_798,Page_292
Page_798,Page_444
Page_799,Page_280
Page_799,Page_327
Page_799,Page_345
Page_799,Page_383
Page_799,Page_412
Page_799,Page_554
Page_799,Page_57
Page_8,Page_102
Page_8,Page_28
Page_8,Page_56
Page_8,Page_729
Page_8,Page_82
Page_8,Page_863
Page_8,Page_981
Page_80,Page_283
Page_80,Page_532
Page_80,Page_590
Page_80,Page_603
Page_800,Page_126
Page_800,Page_180
Page_800,Page_52
Page_800,Page_801
Page_801,Page_277
Page_801,Page_298
Page_801,Page_642
Page_801,Page_747
Page_801,Page_800
Page_801,Page_986
Page_802,Page_396
Page_802,Page_545
Page_802,Page_847
Page_803,Page_702
Page_803,Page_975
Page_804,Page_164
Page_804,Page_260
Page_804,Page_579
Page_804,Page_676
Page_804,Page_705
Page_804,Page_797
Page_804,Page_835
Page_805,Page_452
Page_805,Page_47
Page_805,Page_5
Page_805,Page_657
Page_805,Page_662
Page_805,Page_763
Page_805,Page_943
Page_805,Page_955
Page_806,Page_154
Page_806,Page_163
Page_806,Page_613
Page_806,Page_671
Page_806,Page_721
Page_806,Page_962
Page_807,Page_159
Page_807,Page_242
Page_807,Page_300
Page_807,Page_344
Page_807,Page_360
Page_807,Page_684
Page_808,Page_524
Page_808,Page_765
Page_808,Page_806
Page_808,Page_854
Page_808,Page_982
Page_809,Page_27
Page_809,Page_420
Page_809,Page_454
Page_809,Page_501
Page_809,Page_9
Page_81,Page_507
Page_81,Page_520
Page_81,Page_633
Page_81,Page_673
Page_81,Page_801
Page_81,Page_846
Page_81,Page_996
Page_810,Page_172
Page_810,Page_358
Page_810,Page_409
Page_810,Page_474
Page_810,Page_847
Page_810,Page_997
Page_811,Page_507
Page_811,Page_930
Page_811,Page_98
Page_812,Page_407
Page_812,Page_486
Page_812,Page_532
Page_812,Page_747
Page_812,Page_802
Page_813,Page_195
Page_813,Page_375
Page_813,Page_390
Page_813,Page_424
Page_813,Page_75
Page_813,Page_880
Page_813,Page_895
Page_814,Page_187
Page_814,Page_253
Page_814,Page_292
Page_814,Page_667
Page_814,Page_717
Page_814,Page_941
Page_815,Page_175
Page_815,Page_3
Page_815,Page_421
Page_815,Page_470
Page_815,Page_822
Page_816,Page_122
Page_816,Page_155
Page_816,Page_432
Page_816,Page_540
Page_817,Page_302
Page_817,Page_310
Page_817,Page_519
Page_817,Page_596
Page_817,Page_713
Page_818,Page_448
Page_818,Page_587
Page_818,Page_808
Page_818,Page_935
Page_818,Page_974
Page_819,Page_335
Page_819,Page_374
Page_819,Page_738
Page_819,Page_810
Page_819,Page_926
Page_819,Page_941
Page_82,Page_124
Page_82,Page_250
Page_82,Page_254
Page_82,Page_496
Page_820,Page_190
Page_820,Page_462
Page_820,Page_969
Page_821,Page_26
Page_821,Page_437
Page_821,Page_766
Page_821,Page_941
Page_822,Page_375
Page_822,Page_502
Page_822,Page_617
Page_822,Page_920
Page_823,Page_253
Page_823,Page_32
Page_823,Page_329
Page_823,Page_55
Page_823,Page_974
Page_824,Page_17
Page_824,Page_376
Page_824,Page_377
Page_824,Page_40
Page_824,Page_716
Page_824,Page_807
Page_825,Page_273
Page_825,Page_667
Page_825,Page_846
Page_825,Page_967
Page_825,Page_987
Page_826,Page_112
Page_826,Page_16
Page_826,Page_25
Page_826,Page_299
Page_826,Page_399
Page_826,Page_521
Page_826,Page_579
Page_826,Page_650
Page_826,Page_665
Page_826,Page_810
Page_826,Page_904
Page_826,Page_971
Page_827,Page_144
Page_827,Page_286
Page_827,Page_435
Page_827,Page_638
Page_827,Page_65
Page_827,Page_681
Page_827,Page_817
Page_828,Page_153
Page_828,Page_192
Page_828,Page_196
Page_828,Page_222
Page_828,Page_859
Page_829,Page_115
Page_829,Page_293
Page_829,Page_517
Page_829,Page_521
Page_829,Page_528
Page_829,Page_56
Page_829,Page_610
Page_829,Page_63
Page_829,Page_680
Page_829,Page_74
Page_829,Page_840
Page_83,Page_177
Page_83,Page_300
Page_83,Page_361
Page_83,Page_602
Page_83,Page_850
Page_83,Page_891
Page_830,Page_294
Page_830,Page_403
Page_830,Page_433
Page_830,Page_667
Page_830,Page_791
Page_830,Page_84
Page_830,Page_873
Page_831,Page_164
Page_831,Page_198
Page_831,Page_37
Page_831,Page_576
Page_831,Page_598
Page_831,Page_859
Page_831,Page_944
Page_832,Page_591
Page_832,Page_655
Page_832,Page_745
Page_832,Page_942
Page_833,Page_18
Page_833,Page_305
Page_833,Page_343
Page_833,Page_58
Page_833,Page_829
Page_833,Page_970
Page_834,Page_108
Page_834,Page_136
Page_834,Page_246
Page_834,Page_281
Page_834,Page_621
Page_834,Page_751
Page_834,Page_825
Page_834,Page_838
Page_835,Page_180
Page_835,Page_304
Page_835,Page_349
Page_835,Page_665
Page_835,Page_668
Page_835,Page_706
Page_835,Page_722
Page_835,Page_802
Page_835,Page_921
Page_835,Page_970
Page_836,Page_244
Page_836,Page_477
Page_836,Page_729
Page_836,Page_734
Page_836,Page_754
Page_836,Page_898
Page_836,Page_943
Page_837,Page_575
Page_837,Page_590
Page_837,Page_78
Page_839,Page_127
Page_839,Page_157
Page_839,Page_25
Page_839,Page_303
Page_839,Page_354
Page_839,Page_728
Page_839,Page_944
Page_84,Page_271
Page_84,Page_282
Page_84,Page_487
Page_84,Page_732
Page_84,Page_769
Page_84,Page_785
Page_84,Page_817
Page_84,Page_822
Page_840,Page_6
Page_840,Page_660
Page_840,Page_82
Page_841,Page_521
Page_841,Page_627
Page_841,Page_73
Page_841,Page_906
Page_842,Page_194
Page_842,Page_440
Page_842,Page_597
Page_842,Page_655
Page_842,Page_688
Page_842,Page_779
Page_843,Page_842
Page_844,Page_214
Page_844,Page_424
Page_844,Page_690
Page_844,Page_880
Page_844,Page_927
Page_845,Page_114
Page_845,Page_361
Page_845,Page_790
Page_845,Page_822
Page_845,Page_855
Page_845,Page_897
Page_845,Page_934
Page_846,Page_200
Page_846,Page_50
Page_846,Page_54
Page_846,Page_727
Page_846,Page_833
Page_847,Page_297
Page_847,Page_320
Page_847,Page_326
Page_847,Page_343
Page_847,Page_484
Page_847,Page_493
Page_847,Page_814
Page_847,Page_937
Page_848,Page_809
Page_848,Page_879
Page_849,Page_170
Page_849,Page_3
Page_849,Page_755
Page_849,Page_782
Page_849,Page_92
Page_85,Page_22
Page_85,Page_224
Page_85,Page_286
Page_85,Page_353
Page_85,Page_398
Page_85,Page_419
Page_85,Page_540
Page_85,Page_55
Page_85,Page_936
Page_850,Page_26
Page_850,Page_617
Page_850,Page_626
Page_850,Page_747
Page_850,Page_994
Page_851,Page_146
Page_851,Page_549
Page_851,Page_606
Page_851,Page_990
Page_852,Page_188
Page_852,Page_255
Page_852,Page_849
Page_852,Page_932
Page_853,Page_123
Page_853,Page_367
Page_853,Page_465
Page_853,Page_902
Page_854,Page_108
Page_854,Page_14
Page_854,Page_405
Page_854,Page_616
Page_854,Page_679
Page_854,Page_729
Page_854,Page_735
Page_854,Page_748
Page_855,Page_127
Page_855,Page_240
Page_855,Page_329
Page_855,Page_539
Page_855,Page_618
Page_855,Page_905
Page_856,Page_292
Page_856,Page_384
Page_856,Page_395
Page_856,Page_70
Page_856,Page_712
Page_856,Page_815
Page_856,Page_98
Page_857,Page_663
Page_857,Page_796
Page_857,Page_833
Page_857,Page_928
Page_858,Page_23
Page_858,Page_358
Page_858,Page_426
Page_858,Page_53
Page_858,Page_658
Page_858,Page_75
Page_859,Page_407
Page_859,Page_64
Page_859,Page_671
Page_859,Page_718
Page_86,Page_426
Page_86,Page_503
Page_86,Page_687
Page_86,Page_709
Page_86,Page_762
Page_86,Page_932
Page_860,Page_16
Page_860,Page_171
Page_860,Page_26
Page_860,Page_398
Page_860,Page_446
Page_860,Page_464
Page_861,Page_0
Page_861,Page_27
Page_861,Page_369
Page_861,Page_498
Page_861,Page_501
Page_861,Page_749
Page_861,Page_963
Page_862,Page_162
Page_862,Page_3
Page_862,Page_32
Page_862,Page_712
Page_863,Page_136
Page_863,Page_279
Page_863,Page_345
Page_863,Page_374
Page_863,Page_414
Page_863,Page_666
Page_864,Page_10
Page_864,Page_110
Page_864,Page_178
Page_864,Page_40
Page_864,Page_440
Page_864,Page_841
Page_864,Page_967
Page_864,Page_983
Page_865,Page_124
Page_865,Page_195
Page_865,Page_336
Page_865,Page_354
Page_865,Page_562
Page_865,Page_847
Page_865,Page_878
Page_866,Page_322
Page_866,Page_854
Page_866,Page_989
Page_867,Page_309
Page_867,Page_402
Page_867,Page_496
Page_867,Page_523
Page_867,Page_729
Page_867,Page_83
Page_867,Page_959
Page_867,Page_984
Page_868,Page_365
Page_868,Page_622
Page_868,Page_786
Page_868,Page_82
Page_869,Page_371
Page_869,Page_597
Page_869,Page_751
Page_87,Page_425
Page_87,Page_473
Page_87,Page_537
Page_870,Page_416
Page_870,Page_46
Page_871,Page_109
Page_871,Page_286
Page_871,Page_456
Page_871,Page_519
Page_871,Page_599
Page_872,Page_207
Page_872,Page_404
Page_872,Page_725
Page_872,Page_969
Page_873,Page_288
Page_873,Page_333
Page_873,Page_766
Page_873,Page_928
Page_874,Page_301
Page_874,Page_307
Page_874,Page_581
Page_874,Page_805
Page_874,Page_817
Page_874,Page_965
Page_875,Page_125
Page_875,Page_800
Page_875,Page_86
Page_875,Page_995
Page_876,Page_470
Page_876,Page_579
Page_876,Page_585
Page_876,Page_762
Page_876,Page_829
Page_876,Page_833
Page_876,Page_856
Page_877,Page_90
Page_878,Page_205
Page_878,Page_255
Page_878,Page_330
Page_878,Page_463
Page_878,Page_869
Page_878,Page_987
Page_879,Page_347
Page_879,Page_638
Page_879,Page_870
Page_879,Page_948
Page_88,Page_108
Page_88,Page_132
Page_88,Page_234
Page_88,Page_277
Page_88,Page_578
Page_880,Page_14
Page_880,Page_195
Page_880,Page_30
Page_880,Page_869
Page_881,Page_176
Page_881,Page_627
Page_881,Page_885
Page_881,Page_92
Page_881,Page_99
Page_882,Page_316
Page_882,Page_408
Page_883,Page_339
Page_883,Page_632
Page_883,Page_93
Page_884,Page_480
Page_884,Page_875
Page_885,Page_153
Page_885,Page_170
Page_885,Page_690
Page_886,Page_170
Page_886,Page_358
Page_886,Page_394
Page_886,Page_6
Page_886,Page_730
Page_886,Page_753
Page_886,Page_859
Page_887,Page_300
Page_887,Page_919
Page_887,Page_974
Page_888,Page_210
Page_888,Page_26
Page_888,Page_389
Page_888,Page_421
Page_888,Page_631
Page_888,Page_749
Page_889,Page_417
Page_889,Page_522
Page_889,Page_660
Page_889,Page_716
Page_889,Page_809
Page_89,Page_274
Page_89,Page_348
Page_89,Page_382
Page_89,Page_395
Page_89,Page_435
Page_89,Page_438
Page_89,Page_475
Page_89,Page_729
Page_89,Page_745
Page_89,Page_768
Page_890,Page_262
Page_890,Page_281
Page_890,Page_335
Page_890,Page_557
Page_890,Page_69
Page_891,Page_266
Page_891,Page_284
Page_891,Page_389
Page_891,Page_850
Page_891,Page_951
Page_892,Page_468
Page_892,Page_554
Page_892,Page_626
Page_892,Page_722
Page_892,Page_768
Page_892,Page_769
Page_892,Page_784
Page_893,Page_285
Page_893,Page_58
Page_893,Page_843
Page_893,Page_896
Page_894,Page_114
Page_894,Page_176
Page_894,Page_35
Page_894,Page_513
Page_894,Page_680
Page_894,Page_842
Page_895,Page_407
Page_895,Page_436
Page_895,Page_584
Page_895,Page_791
Page_895,Page_866
Page_896,Page_336
Page_896,Page_659
Page_896,Page_689
Page_896,Page_921
Page_897,Page_448
Page_897,Page_469
Page_897,Page_781
Page_897,Page_923
Page_898,Page_112
Page_898,Page_188
Page_898,Page_221
Page_898,Page_283
Page_898,Page_493
Page_898,Page_547
Page_898,Page_870
Page_899,Page_351
Page_899,Page_751
Page_899,Page_83
Page_899,Page_990
Page_9,Page_341
Page_90,Page_292
Page_90,Page_479
Page_90,Page_528
Page_90,Page_661
Page_90,Page_68
Page_90,Page_92
Page_90,Page_937
Page_900,Page_993
Page_901,Page_13
Page_901,Page_272
Page_901,Page_340
Page_901,Page_420
Page_901,Page_594
Page_901,Page_683
Page_901,Page_731
Page_901,Page_90
Page_902,Page_206
Page_902,Page_209
Page_902,Page_636
Page_902,Page_653
Page_902,Page_80
Page_904,Page_417
Page_904,Page_934
Page_904,Page_988
Page_905,Page_386
Page_905,Page_595
Page_905,Page_833
Page_906,Page_219
Page_906,Page_25
Page_906,Page_479
Page_906,Page_726
Page_906,Page_728
Page_907,Page_133
Page_907,Page_342
Page_907,Page_496
Page_907,Page_790
Page_907,Page_854
Page_908,Page_358
Page_908,Page_545
Page_908,Page_751
Page_908,Page_958
Page_908,Page_970
Page_909,Page_104
Page_909,Page_412
Page_909,Page_450
Page_909,Page_7
Page_909,Page_786
Page_909,Page_820
Page_909,Page_85
Page_909,Page_930
Page_909,Page_936
Page_909,Page_945
Page_91,Page_322
Page_91,Page_864
Page_91,Page_882
Page_91,Page_952
Page_91,Page_973
Page_910,Page_158
Page_910,Page_423
Page_910,Page_692
Page_911,Page_365
Page_911,Page_624
Page_911,Page_625
Page_911,Page_731
Page_911,Page_879
Page_911,Page_906
Page_912,Page_0
Page_912,Page_195
Page_912,Page_20
Page_912,Page_28
Page_912,Page_326
Page_912,Page_471
Page_912,Page_48
Page_912,Page_481
Page_912,Page_532
Page_912,Page_569
Page_913,Page_241
Page_913,Page_316
Page_913,Page_499
Page_913,Page_575
Page_913,Page_604
Page_913,Page_710
Page_913,Page_740
Page_914,Page_353
Page_914,Page_462
Page_914,Page_586
Page_914,Page_668
Page_914,Page_839
Page_915,Page_106
Page_915,Page_265
Page_915,Page_405
Page_915,Page_684
Page_915,Page_703
Page_915,Page_795
Page_916,Page_239
Page_916,Page_248
Page_916,Page_359
Page_916,Page_675
Page_916,Page_80
Page_916,Page_815
Page_917,Page_313
Page_917,Page_756
Page_917,Page_966
Page_918,Page_458
Page_918,Page_487
Page_919,Page_160
Page_919,Page_286
Page_919,Page_529
Page_919,Page_579
Page_92,Page_274
Page_92,Page_513
Page_92,Page_525
Page_92,Page_559
Page_92,Page_591
Page_92,Page_637
Page_920,Page_170
Page_920,Page_630
Page_920,Page_740
Page_920,Page_789
Page_920,Page_797
Page_921,Page_139
Page_921,Page_436
Page_921,Page_449
Page_921,Page_54
Page_921,Page_683
Page_921,Page_939
Page_922,Page_246
Page_922,Page_335
Page_922,Page_362
Page_922,Page_410
Page_922,Page_539
Page_924,Page_262
Page_924,Page_31
Page_924,Page_493
Page_924,Page_534
Page_924,Page_639
Page_924,Page_783
Page_924,Page_825
Page_924,Page_831
Page_924,Page_879
Page_924,Page_904
Page_925,Page_11
Page_925,Page_275
Page_925,Page_278
Page_925,Page_693
Page_925,Page_706
Page_925,Page_734
Page_925,Page_775
Page_925,Page_938
Page_926,Page_200
Page_926,Page_392
Page_926,Page_547
Page_926,Page_788
Page_926,Page_846
Page_927,Page_106
Page_927,Page_166
Page_927,Page_328
Page_927,Page_648
Page_927,Page_681
Page_927,Page_771
Page_927,Page_773
Page_928,Page_194
Page_928,Page_327
Page_928,Page_426
Page_928,Page_433
Page_928,Page_542
Page_928,Page_582
Page_928,Page_61
Page_928,Page_990
Page_929,Page_105
Page_929,Page_24
Page_929,Page_367
Page_929,Page_425
Page_929,Page_432
Page_929,Page_730
Page_929,Page_740
Page_929,Page_911
Page_929,Page_952
Page_93,Page_180
Page_93,Page_186
Page_93,Page_255
Page_93,Page_272
Page_93,Page_365
Page_93,Page_423
Page_93,Page_506
Page_93,Page_925
Page_930,Page_139
Page_930,Page_332
Page_930,Page_360
Page_930,Page_768
Page_931,Page_126
Page_931,Page_231
Page_931,Page_468
Page_931,Page_475
Page_931,Page_921
Page_932,Page_159
Page_932,Page_275
Page_933,Page_340
Page_933,Page_501
Page_933,Page_564
Page_934,Page_138
Page_934,Page_439
Page_934,Page_533
Page_934,Page_693
Page_934,Page_708
Page_934,Page_986
Page_935,Page_432
Page_935,Page_543
Page_935,Page_576
Page_935,Page_738
Page_935,Page_859
Page_935,Page_874
Page_936,Page_588
Page_936,Page_712
Page_937,Page_135
Page_937,Page_402
Page_937,Page_404
Page_937,Page_645
Page_937,Page_66
Page_937,Page_697
Page_937,Page_70
Page_938,Page_56
Page_938,Page_58
Page_938,Page_585
Page_938,Page_654
Page_938,Page_78
Page_938,Page_846
Page_939,Page_112
Page_939,Page_314
Page_939,Page_358
Page_939,Page_386
Page_939,Page_389
Page_939,Page_518
Page_939,Page_650
Page_939,Page_659
Page_939,Page_865
Page_94,Page_445
Page_94,Page_458
Page_94,Page_743
Page_94,Page_80
Page_94,Page_849
Page_94,Page_956
Page_940,Page_170
Page_940,Page_176
Page_940,Page_219
Page_940,Page_225
Page_940,Page_319
Page_940,Page_369
Page_940,Page_453
Page_942,Page_426
Page_942,Page_951
Page_943,Page_184
Page_943,Page_574
Page_943,Page_977
Page_944,Page_112
Page_944,Page_209
Page_944,Page_515
Page_944,Page_737
Page_944,Page_892
Page_944,Page_923
Page_944,Page_974
Page_945,Page_34
Page_945,Page_391
Page_945,Page_605
Page_945,Page_718
Page_945,Page_942
Page_946,Page_360
Page_946,Page_440
Page_946,Page_517
Page_947,Page_470
Page_947,Page_632
Page_948,Page_204
Page_948,Page_207
Page_948,Page_244
Page_948,Page_505
Page_948,Page_602
Page_948,Page_885
Page_948,Page_901
Page_949,Page_119
Page_949,Page_202
Page_949,Page_277
Page_949,Page_371
Page_949,Page_454
Page_949,Page_460
Page_949,Page_776
Page_95,Page_180
Page_950,Page_205
Page_950,Page_300
Page_950,Page_628
Page_950,Page_805
Page_950,Page_960
Page_950,Page_994
Page_951,Page_203
Page_951,Page_878
Page_952,Page_246
Page_952,Page_484
Page_952,Page_665
Page_952,Page_97
Page_953,Page_143
Page_953,Page_180
Page_953,Page_342
Page_953,Page_580
Page_953,Page_638
Page_953,Page_716
Page_953,Page_762
Page_953,Page_85
Page_953,Page_980
Page_954,Page_281
Page_954,Page_346
Page_954,Page_356
Page_954,Page_428
Page_954,Page_755
Page_954,Page_759
Page_954,Page_887
Page_954,Page_911
Page_954,Page_937
Page_954,Page_951
Page_954,Page_998
Page_955,Page_133
Page_955,Page_302
Page_955,Page_324
Page_955,Page_570
Page_955,Page_665
Page_956,Page_201
Page_956,Page_750
Page_956,Page_882
Page_957,Page_58
Page_957,Page_589
Page_957,Page_714
Page_957,Page_787
Page_957,Page_996
Page_958,Page_116
Page_958,Page_196
Page_958,Page_279
Page_958,Page_598
Page_958,Page_631
Page_958,Page_706
Page_959,Page_512
Page_96,Page_163
Page_96,Page_696
Page_96,Page_708
Page_96,Page_865
Page_960,Page_172
Page_960,Page_442
Page_960,Page_657
Page_960,Page_687
Page_960,Page_814
Page_960,Page_937
Page_961,Page_372
Page_961,Page_579
Page_961,Page_659
Page_961,Page_699
Page_961,Page_948
Page_961,Page_949
Page_962,Page_121
Page_962,Page_202
Page_962,Page_259
Page_962,Page_286
Page_962,Page_326
Page_962,Page_436
Page_962,Page_618
Page_962,Page_642
Page_963,Page_384
Page_963,Page_413
Page_963,Page_416
Page_964,Page_204
Page_964,Page_275
Page_964,Page_34
Page_964,Page_495
Page_964,Page_766
Page_964,Page_912
Page_964,Page_937
Page_965,Page_130
Page_965,Page_451
Page_965,Page_858
Page_965,Page_953
Page_966,Page_102
Page_966,Page_489
Page_967,Page_455
Page_967,Page_643
Page_967,Page_688
Page_967,Page_76
Page_967,Page_772
Page_967,Page_803
Page_968,Page_383
Page_968,Page_491
Page_968,Page_507
Page_968,Page_704
Page_968,Page_823
Page_968,Page_938
Page_968,Page_982
Page_969,Page_419
Page_969,Page_564
Page_969,Page_940
Page_97,Page_128
Page_97,Page_280
Page_97,Page_393
Page_97,Page_856
Page_970,Page_102
Page_970,Page_130
Page_970,Page_4
Page_970,Page_461
Page_970,Page_69
Page_971,Page_145
Page_971,Page_414
Page_971,Page_908
Page_972,Page_138
Page_972,Page_318
Page_972,Page_428
Page_972,Page_49
Page_972,Page_582
Page_972,Page_919
Page_972,Page_957
Page_972,Page_965
Page_973,Page_190
Page_973,Page_278
Page_973,Page_394
Page_973,Page_738
Page_974,Page_112
Page_974,Page_319
Page_974,Page_447
Page_974,Page_452
Page_974,Page_526
Page_974,Page_633
Page_974,Page_850
Page_975,Page_158
Page_975,Page_167
Page_975,Page_302
Page_975,Page_55
Page_975,Page_668
Page_975,Page_909
Page_976,Page_248
Page_976,Page_460
Page_976,Page_513
Page_976,Page_62
Page_976,Page_647
Page_977,Page_463
Page_977,Page_464
Page_977,Page_495
Page_977,Page_697
Page_977,Page_933
Page_977,Page_967
Page_978,Page_154
Page_978,Page_271
Page_978,Page_622
Page_978,Page_676
Page_978,Page_935
Page_979,Page_14
Page_979,Page_913
Page_98,Page_107
Page_98,Page_145
Page_98,Page_147
Page_98,Page_164
Page_98,Page_27
Page_98,Page_356
Page_98,Page_609
Page_98,Page_68
Page_98,Page_803
Page_980,Page_91
Page_981,Page_152
Page_981,Page_183
Page_981,Page_221
Page_981,Page_356
Page_981,Page_614
Page_982,Page_492
Page_982,Page_839
Page_982,Page_868
Page_983,Page_475
Page_983,Page_683
Page_983,Page_707
Page_983,Page_763
Page_983,Page_928
Page_984,Page_580
Page_985,Page_412
Page_985,Page_485
Page_985,Page_498
Page_985,Page_796
Page_986,Page_208
Page_986,Page_418
Page_986,Page_504
Page_986,Page_565
Page_986,Page_765
Page_986,Page_784
Page_986,Page_792
Page_986,Page_823
Page_986,Page_834
Page_987,Page_110
Page_987,Page_254
Page_987,Page_280
Page_987,Page_59
Page_988,Page_139
Page_988,Page_412
Page_988,Page_710
Page_99,Page_110
Page_99,Page_232
Page_99,Page_552
Page_990,Page_132
Page_990,Page_261
Page_990,Page_319
Page_990,Page_607
Page_990,Page_898
Page_991,Page_512
Page_991,Page_690
Page_991,Page_691
Page_991,Page_729
Page_991,Page_976
Page_992,Page_216
Page_992,Page_322
Page_992,Page_475
Page_992,Page_565
Page_993,Page_188
Page_993,Page_197
Page_993,Page_211
Page_993,Page_322
Page_993,Page_393
Page_993,Page_655
Page_994,Page_231
Page_994,Page_240
Page_994,Page_391
Page_994,Page_662
Page_994,Page_705
Page_994,Page_709
Page_994,Page_915
Page_995,Page_100
Page_995,Page_148
Page_995,Page_651
Page_995,Page_896
Page_996,Page_160
Page_996,Page_3
Page_996,Page_329
Page_996,Page_65
Page_996,Page_778
Page_996,Page_780
Page_997,Page_145
Page_997,Page_186
Page_997,Page_300
Page_997,Page_458
Page_997,Page_680
Page_998,Page_581
Page_998,Page_598
Page_998,Page_850
Page_998,Page_981
Page_999,Page_315
Page_999,Page_352
Page_999,Page_386
Page_999,Page_397
Page_999,Page_541
Page_999,Page_664
Page_999,Page_819
Page_999,Page_852
