follower,followed
User_0,User_155
User_0,User_266
User_0,User_314
User_0,User_336
User_1,User_141
User_1,User_144
User_1,User_170
User_1,User_209
User_1,User_387
User_1,User_488
User_10,User_318
User_100,User_168
User_100,User_234
User_100,User_325
User_101,User_196
User_101,User_366
User_101,User_75
User_101,User_78
User_102,User_245
User_102,User_418
User_102,User_429
User_102,User_453
User_102,User_67
User_103,User_352
User_103,User_423
User_104,User_154
User_104,User_189
User_104,User_203
User_104,User_210
User_104,User_342
User_104,User_351
User_105,User_266
User_105,User_367
User_105,User_412
User_105,User_416
User_105,User_426
User_106,User_300
User_106,User_320
User_106,User_445
User_107,User_224
User_107,User_392
User_108,User_135
User_108,User_328
User_108,User_461
User_108,User_467
User_108,User_479
User_108,User_79
User_109,User_105
User_109,User_174
User_109,User_244
User_109,User_259
User_109,User_261
User_109,User_276
User_109,User_442
User_11,User_152
User_110,User_192
User_110,User_220
User_110,User_378
User_110,User_416
User_110,User_427
User_111,User_119
User_111,User_217
User_111,User_227
User_111,User_238
User_111,User_245
User_111,User_390
User_112,User_139
User_112,User_229
User_112,User_249
User_112,User_3
User_112,User_325
User_112,User_70
User_112,User_90
User_113,User_112
User_113,User_170
User_113,User_228
User_113,User_261
User_113,User_331
User_113,User_418
User_114,User_12
User_114,User_14
User_114,User_427
User_114,User_433
User_114,User_71
User_115,User_153
User_115,User_177
User_115,User_32
User_115,User_412
User_115,User_430
User_115,User_440
User_115,User_482
User_115,User_70
User_116,User_184
User_116,User_211
User_116,User_369
User_116,User_395
User_117,User_126
User_117,User_194
User_117,User_256
User_117,User_301
User_117,User_310
User_117,User_34
User_117,User_420
User_118,User_147
User_118,User_196
User_118,User_236
User_118,User_273
User_118,User_34
User_118,User_429
User_119,User_241
User_119,User_273
User_12,User_23
User_12,User_247
User_12,User_317
User_12,User_379
User_120,User_197
User_120,User_206
User_120,User_31
User_120,User_323
User_120,User_437
User_120,User_454
User_121,User_107
User_121,User_142
User_121,User_154
User_121,User_301
User_121,User_404
User_121,User_442
User_122,User_135
User_122,User_156
User_122,User_158
User_122,User_214
User_122,User_292
User_123,User_105
User_123,User_110
User_123,User_290
User_123,User_353
User_123,User_368
User_123,User_375
User_123,User_434
User_123,User_98
User_124,User_156
User_124,User_16
User_124,User_166
User_124,User_25
User_124,User_356
User_125,User_243
User_125,User_255
User_125,User_271
User_125,User_379
User_125,User_412
User_125,User_425
User_125,User_83
User_126,User_142
User_126,User_296
User_126,User_348
User_126,User_362
User_126,User_369
User_126,User_381
User_126,User_389
User_126,User_430
User_126,User_72
User_127,User_136
User_127,User_491
User_127,User_492
User_127,User_60
User_128,User_118
User_128,User_13
User_128,User_233
User_128,User_26
User_128,User_347
User_128,User_408
User_128,User_483
User_128,User_497
User_129,User_337
User_129,User_370
User_129,User_417
User_13,User_212
User_13,User_287
User_13,User_311
User_13,User_45
User_13,User_475
User_13,User_487
User_13,User_67
User_130,User_104
User_130,User_22
User_131,User_101
User_131,User_367
User_131,User_382
User_132,User_174
User_132,User_384
User_133,User_184
User_133,User_194
User_133,User_334
User_133,User_360
User_134,User_178
User_134,User_382
User_134,User_396
User_135,User_173
User_135,User_258
User_135,User_333
User_135,User_372
User_135,User_495
User_135,User_67
User_135,User_71
User_136,User_14
User_136,User_230
User_136,User_281
User_136,User_410
User_136,User_420
User_136,User_488
User_137,User_33
User_138,User_156
User_138,User_473
User_138,User_52
User_139,User_110
User_139,User_144
User_139,User_171
User_139,User_212
User_139,User_226
User_139,User_230
User_139,User_425
User_139,User_63
User_14,User_199
User_14,User_23
User_14,User_498
User_140,User_115
User_140,User_125
User_140,User_225
User_140,User_23
User_140,User_274
User_140,User_302
User_140,User_31
User_140,User_64
User_141,User_22
User_141,User_443
User_141,User_97
User_142,User_385
User_142,User_442
User_142,User_451
User_142,User_92
User_143,User_16
User_143,User_305
User_143,User_450
User_144,User_253
User_144,User_398
User_145,User_172
User_145,User_347
User_145,User_42
User_145,User_433
User_146,User_107
User_146,User_120
User_146,User_182
User_146,User_216
User_146,User_274
User_146,User_330
User_146,User_8
User_147,User_116
User_147,User_164
User_147,User_224
User_147,User_339
User_147,User_346
User_147,User_37
User_147,User_489
User_147,User_62
User_148,User_119
User_148,User_167
User_148,User_21
User_148,User_40
User_148,User_484
User_148,User_58
User_149,User_148
User_149,User_16
User_149,User_211
User_149,User_219
User_149,User_376
User_15,User_254
User_15,User_407
User_15,User_46
User_15,User_47
User_150,User_103
User_150,User_113
User_150,User_222
User_151,User_11
User_151,User_111
User_151,User_283
User_151,User_358
User_151,User_382
User_151,User_432
User_151,User_78
User_152,User_440
User_152,User_447
User_153,User_192
User_153,User_22
User_153,User_234
User_153,User_243
User_153,User_259
User_153,User_303
User_153,User_462
User_153,User_477
User_154,User_137
User_154,User_207
User_154,User_247
User_154,User_332
User_154,User_448
User_154,User_81
User_155,User_123
User_155,User_252
User_155,User_3
User_155,User_407
User_155,User_43
User_155,User_489
User_155,User_84
User_156,User_228
User_156,User_291
User_157,User_122
User_157,User_227
User_157,User_304
User_157,User_407
User_158,User_203
User_158,User_236
User_158,User_341
User_158,User_471
User_158,User_495
User_159,User_175
User_159,User_282
User_159,User_294
User_16,User_146
User_16,User_230
User_16,User_412
User_16,User_414
User_16,User_47
User_16,User_91
User_160,User_188
User_160,User_211
User_160,User_294
User_160,User_305
User_160,User_339
User_160,User_489
User_160,User_60
User_160,User_90
User_160,User_97
User_161,User_108
User_161,User_129
User_161,User_205
User_161,User_431
User_161,User_475
User_161,User_8
User_162,User_184
User_162,User_328
User_162,User_381
User_163,User_123
User_163,User_295
User_163,User_34
User_163,User_341
User_163,User_375
User_163,User_457
User_163,User_468
User_163,User_476
User_163,User_83
User_164,User_121
User_164,User_308
User_164,User_311
User_164,User_424
User_164,User_445
User_164,User_52
User_165,User_309
User_165,User_360
User_165,User_424
User_165,User_436
User_165,User_59
User_165,User_8
User_166,User_407
User_166,User_442
User_166,User_93
User_167,User_108
User_167,User_15
User_167,User_382
User_167,User_437
User_167,User_478
User_168,User_154
User_168,User_210
User_168,User_225
User_168,User_343
User_168,User_396
User_168,User_416
User_168,User_436
User_168,User_48
User_169,User_180
User_169,User_196
User_169,User_286
User_169,User_289
User_169,User_319
User_169,User_331
User_169,User_445
User_169,User_494
User_17,User_296
User_17,User_429
User_17,User_64
User_170,User_124
User_170,User_164
User_170,User_430
User_171,User_145
User_171,User_220
User_171,User_33
User_171,User_405
User_171,User_47
User_172,User_131
User_172,User_14
User_172,User_259
User_172,User_342
User_172,User_389
User_172,User_431
User_172,User_52
User_173,User_10
User_173,User_179
User_173,User_416
User_173,User_423
User_173,User_498
User_174,User_142
User_174,User_310
User_174,User_478
User_174,User_57
User_174,User_80
User_175,User_279
User_175,User_418
User_176,User_170
User_176,User_217
User_176,User_358
User_176,User_373
User_176,User_482
User_177,User_27
User_177,User_363
User_177,User_473
User_178,User_209
User_178,User_476
User_178,User_60
User_179,User_114
User_179,User_156
User_179,User_228
User_179,User_272
User_179,User_328
User_179,User_372
User_179,User_440
User_18,User_385
User_18,User_427
User_18,User_428
User_180,User_123
User_180,User_152
User_180,User_279
User_180,User_314
User_180,User_432
User_180,User_53
User_180,User_86
User_181,User_107
User_181,User_136
User_181,User_283
User_181,User_346
User_181,User_36
User_181,User_399
User_181,User_408
User_181,User_447
User_181,User_85
User_182,User_283
User_182,User_403
User_183,User_107
User_183,User_157
User_183,User_191
User_183,User_294
User_183,User_487
User_184,User_128
User_184,User_283
User_184,User_34
User_184,User_354
User_184,User_359
User_184,User_389
User_185,User_158
User_185,User_283
User_185,User_325
User_185,User_449
User_185,User_45
User_185,User_50
User_185,User_9
User_186,User_190
User_186,User_220
User_186,User_262
User_186,User_346
User_186,User_374
User_186,User_460
User_187,User_166
User_187,User_185
User_187,User_271
User_187,User_386
User_187,User_391
User_187,User_46
User_188,User_169
User_188,User_242
User_188,User_314
User_188,User_473
User_188,User_58
User_189,User_145
User_189,User_159
User_189,User_263
User_189,User_298
User_189,User_343
User_189,User_47
User_19,User_146
User_19,User_439
User_19,User_467
User_19,User_55
User_19,User_70
User_190,User_227
User_191,User_129
User_191,User_200
User_191,User_30
User_191,User_355
User_191,User_390
User_191,User_456
User_191,User_488
User_192,User_143
User_192,User_231
User_192,User_41
User_193,User_282
User_193,User_344
User_193,User_37
User_193,User_40
User_194,User_1
User_194,User_142
User_194,User_230
User_194,User_238
User_194,User_244
User_194,User_421
User_194,User_75
User_194,User_86
User_195,User_197
User_195,User_229
User_195,User_257
User_195,User_292
User_195,User_305
User_195,User_317
User_195,User_402
User_195,User_446
User_196,User_119
User_196,User_120
User_196,User_236
User_196,User_253
User_196,User_442
User_196,User_45
User_196,User_486
User_197,User_145
User_197,User_258
User_197,User_460
User_197,User_6
User_198,User_124
User_198,User_209
User_198,User_214
User_198,User_232
User_198,User_312
User_198,User_398
User_198,User_467
User_199,User_135
User_199,User_346
User_199,User_447
User_2,User_360
User_2,User_482
User_2,User_493
User_20,User_158
User_20,User_23
User_20,User_447
User_20,User_455
User_20,User_460
User_200,User_300
User_201,User_186
User_201,User_191
User_201,User_250
User_201,User_258
User_201,User_270
User_201,User_315
User_202,User_130
User_202,User_14
User_202,User_140
User_202,User_306
User_202,User_452
User_202,User_67
User_203,User_111
User_203,User_160
User_203,User_332
User_203,User_403
User_203,User_441
User_203,User_475
User_203,User_482
User_204,User_124
User_204,User_168
User_204,User_185
User_204,User_343
User_204,User_380
User_205,User_251
User_205,User_256
User_205,User_268
User_205,User_273
User_205,User_35
User_205,User_462
User_206,User_187
User_206,User_263
User_206,User_356
User_206,User_442
User_207,User_10
User_207,User_152
User_207,User_194
User_207,User_354
User_207,User_363
User_207,User_370
User_208,User_169
User_208,User_250
User_208,User_47
User_208,User_52
User_209,User_167
User_209,User_421
User_209,User_59
User_209,User_76
User_209,User_92
User_21,User_117
User_21,User_157
User_21,User_161
User_21,User_177
User_21,User_230
User_21,User_372
User_21,User_422
User_210,User_22
User_210,User_289
User_210,User_393
User_210,User_410
User_211,User_12
User_211,User_153
User_211,User_169
User_211,User_353
User_211,User_495
User_211,User_70
User_212,User_247
User_212,User_31
User_212,User_359
User_212,User_363
User_212,User_373
User_212,User_471
User_212,User_89
User_213,User_285
User_213,User_298
User_213,User_310
User_213,User_451
User_214,User_232
User_214,User_275
User_214,User_336
User_214,User_77
User_215,User_129
User_215,User_153
User_215,User_199
User_215,User_340
User_215,User_421
User_216,User_16
User_216,User_210
User_216,User_260
User_216,User_305
User_216,User_355
User_216,User_404
User_216,User_424
User_216,User_56
User_216,User_95
User_217,User_272
User_217,User_353
User_217,User_40
User_217,User_58
User_218,User_160
User_218,User_351
User_218,User_490
User_218,User_85
User_219,User_199
User_219,User_293
User_219,User_335
User_219,User_69
User_22,User_205
User_22,User_210
User_22,User_288
User_22,User_372
User_22,User_405
User_220,User_181
User_220,User_308
User_220,User_402
User_220,User_412
User_220,User_56
User_220,User_65
User_220,User_74
User_220,User_89
User_221,User_376
User_221,User_491
User_221,User_95
User_222,User_140
User_222,User_141
User_222,User_50
User_223,User_248
User_223,User_301
User_223,User_310
User_223,User_432
User_223,User_455
User_223,User_46
User_223,User_9
User_224,User_119
User_224,User_369
User_224,User_460
User_225,User_160
User_225,User_174
User_225,User_279
User_225,User_458
User_226,User_212
User_226,User_282
User_226,User_323
User_226,User_335
User_226,User_345
User_226,User_389
User_226,User_469
User_227,User_37
User_227,User_4
User_227,User_44
User_227,User_486
User_228,User_109
User_228,User_270
User_228,User_306
User_228,User_385
User_229,User_285
User_229,User_306
User_229,User_405
User_23,User_112
User_23,User_205
User_23,User_216
User_23,User_288
User_23,User_338
User_23,User_473
User_23,User_50
User_230,User_124
User_230,User_303
User_230,User_317
User_230,User_352
User_230,User_391
User_230,User_433
User_230,User_452
User_230,User_52
User_231,User_19
User_231,User_454
User_231,User_88
User_232,User_167
User_232,User_188
User_232,User_204
User_232,User_258
User_232,User_325
User_232,User_328
User_232,User_36
User_232,User_37
User_232,User_382
User_232,User_45
User_232,User_486
User_232,User_67
User_233,User_0
User_233,User_212
User_233,User_282
User_233,User_288
User_233,User_401
User_233,User_477
User_234,User_18
User_234,User_289
User_234,User_316
User_234,User_318
User_234,User_329
User_234,User_331
User_234,User_494
User_234,User_73
User_235,User_130
User_235,User_177
User_235,User_289
User_235,User_362
User_235,User_425
User_235,User_471
User_235,User_86
User_236,User_118
User_236,User_127
User_236,User_194
User_236,User_211
User_236,User_344
User_236,User_393
User_236,User_484
User_237,User_104
User_237,User_25
User_237,User_341
User_237,User_344
User_237,User_386
User_237,User_395
User_237,User_468
User_238,User_157
User_238,User_223
User_238,User_226
User_238,User_348
User_238,User_461
User_238,User_62
User_239,User_139
User_239,User_255
User_239,User_270
User_239,User_411
User_239,User_442
User_239,User_470
User_239,User_493
User_24,User_25
User_24,User_440
User_24,User_443
User_24,User_497
User_240,User_113
User_240,User_22
User_240,User_229
User_240,User_245
User_240,User_9
User_241,User_124
User_241,User_356
User_241,User_387
User_241,User_446
User_242,User_124
User_242,User_129
User_242,User_361
User_242,User_406
User_243,User_138
User_243,User_229
User_243,User_230
User_243,User_244
User_243,User_28
User_243,User_330
User_243,User_49
User_244,User_165
User_244,User_58
User_244,User_78
User_245,User_109
User_245,User_178
User_245,User_269
User_245,User_298
User_245,User_468
User_245,User_87
User_247,User_141
User_247,User_178
User_247,User_337
User_247,User_400
User_248,User_246
User_248,User_310
User_248,User_417
User_248,User_62
User_248,User_98
User_249,User_108
User_249,User_167
User_249,User_269
User_249,User_325
User_249,User_446
User_249,User_8
User_25,User_402
User_250,User_128
User_250,User_147
User_250,User_162
User_250,User_270
User_250,User_443
User_250,User_494
User_250,User_54
User_250,User_85
User_250,User_9
User_251,User_102
User_251,User_116
User_251,User_495
User_251,User_496
User_251,User_52
User_252,User_13
User_252,User_224
User_252,User_455
User_252,User_74
User_253,User_137
User_253,User_209
User_253,User_435
User_253,User_95
User_254,User_11
User_254,User_238
User_254,User_382
User_254,User_467
User_255,User_263
User_255,User_265
User_255,User_305
User_255,User_320
User_255,User_477
User_256,User_276
User_256,User_396
User_256,User_467
User_256,User_77
User_257,User_113
User_257,User_191
User_257,User_416
User_257,User_466
User_257,User_470
User_258,User_103
User_258,User_218
User_258,User_233
User_258,User_308
User_258,User_330
User_258,User_334
User_259,User_311
User_259,User_37
User_259,User_394
User_259,User_467
User_259,User_472
User_26,User_104
User_26,User_129
User_26,User_137
User_26,User_202
User_26,User_291
User_26,User_298
User_26,User_404
User_26,User_487
User_26,User_51
User_26,User_64
User_26,User_79
User_260,User_114
User_260,User_204
User_260,User_252
User_260,User_361
User_261,User_228
User_261,User_59
User_262,User_212
User_262,User_303
User_262,User_451
User_263,User_167
User_263,User_203
User_263,User_339
User_263,User_422
User_263,User_460
User_264,User_176
User_264,User_231
User_264,User_485
User_264,User_89
User_265,User_106
User_265,User_185
User_265,User_233
User_265,User_333
User_265,User_348
User_265,User_458
User_265,User_78
User_266,User_113
User_266,User_154
User_266,User_226
User_266,User_248
User_267,User_161
User_267,User_494
User_268,User_163
User_268,User_267
User_268,User_322
User_268,User_499
User_268,User_76
User_269,User_19
User_269,User_192
User_269,User_47
User_269,User_58
User_27,User_202
User_27,User_443
User_27,User_77
User_27,User_96
User_270,User_214
User_270,User_446
User_270,User_470
User_271,User_115
User_271,User_150
User_271,User_187
User_271,User_261
User_271,User_286
User_271,User_369
User_271,User_68
User_272,User_219
User_272,User_250
User_272,User_360
User_272,User_392
User_273,User_13
User_273,User_194
User_273,User_332
User_273,User_373
User_273,User_64
User_274,User_169
User_274,User_229
User_274,User_304
User_274,User_370
User_274,User_486
User_274,User_63
User_274,User_8
User_274,User_95
User_275,User_138
User_275,User_147
User_275,User_242
User_275,User_247
User_275,User_351
User_275,User_355
User_275,User_410
User_275,User_69
User_275,User_86
User_276,User_111
User_276,User_214
User_276,User_41
User_276,User_427
User_276,User_68
User_277,User_148
User_277,User_18
User_277,User_238
User_277,User_31
User_277,User_421
User_278,User_115
User_278,User_18
User_278,User_193
User_278,User_194
User_278,User_259
User_278,User_268
User_278,User_461
User_279,User_148
User_279,User_150
User_279,User_214
User_279,User_250
User_279,User_409
User_279,User_80
User_28,User_150
User_28,User_180
User_28,User_3
User_280,User_228
User_280,User_295
User_280,User_426
User_280,User_462
User_281,User_143
User_281,User_18
User_281,User_261
User_281,User_335
User_281,User_467
User_281,User_475
User_282,User_150
User_282,User_164
User_282,User_210
User_282,User_327
User_282,User_390
User_282,User_66
User_282,User_75
User_282,User_81
User_283,User_10
User_283,User_149
User_283,User_271
User_283,User_440
User_283,User_478
User_283,User_79
User_284,User_253
User_284,User_262
User_284,User_30
User_284,User_338
User_284,User_388
User_284,User_5
User_284,User_85
User_285,User_112
User_285,User_127
User_285,User_152
User_285,User_297
User_285,User_347
User_285,User_391
User_285,User_480
User_285,User_485
User_286,User_192
User_286,User_426
User_286,User_452
User_286,User_478
User_287,User_166
User_287,User_167
User_287,User_275
User_287,User_4
User_287,User_54
User_287,User_60
User_287,User_99
User_288,User_102
User_288,User_336
User_288,User_389
User_288,User_485
User_288,User_51
User_288,User_57
User_289,User_105
User_289,User_336
User_289,User_400
User_29,User_123
User_29,User_188
User_29,User_25
User_29,User_286
User_29,User_287
User_290,User_16
User_290,User_305
User_290,User_308
User_290,User_345
User_291,User_312
User_291,User_426
User_291,User_471
User_292,User_213
User_292,User_225
User_292,User_266
User_292,User_295
User_292,User_333
User_293,User_115
User_293,User_136
User_293,User_145
User_293,User_188
User_293,User_274
User_293,User_346
User_293,User_485
User_293,User_5
User_293,User_70
User_294,User_123
User_294,User_196
User_294,User_300
User_294,User_37
User_294,User_400
User_294,User_99
User_295,User_20
User_295,User_259
User_295,User_369
User_295,User_52
User_295,User_97
User_295,User_98
User_296,User_229
User_296,User_295
User_296,User_310
User_296,User_337
User_296,User_37
User_296,User_376
User_297,User_1
User_297,User_283
User_297,User_376
User_297,User_78
User_298,User_180
User_298,User_250
User_298,User_289
User_298,User_370
User_298,User_73
User_299,User_195
User_299,User_219
User_299,User_223
User_299,User_244
User_299,User_280
User_299,User_296
User_299,User_484
User_3,User_133
User_3,User_272
User_3,User_388
User_3,User_482
User_3,User_92
User_30,User_268
User_30,User_291
User_30,User_464
User_30,User_478
User_30,User_84
User_300,User_122
User_300,User_153
User_300,User_370
User_300,User_380
User_300,User_489
User_300,User_73
User_300,User_93
User_301,User_142
User_301,User_219
User_301,User_283
User_301,User_352
User_302,User_43
User_302,User_450
User_303,User_115
User_303,User_137
User_303,User_279
User_303,User_288
User_303,User_482
User_304,User_162
User_304,User_17
User_304,User_20
User_304,User_203
User_304,User_240
User_304,User_259
User_304,User_315
User_304,User_34
User_305,User_144
User_305,User_192
User_305,User_222
User_305,User_242
User_305,User_359
User_305,User_404
User_305,User_451
User_305,User_70
User_306,User_165
User_306,User_260
User_306,User_395
User_306,User_401
User_307,User_159
User_307,User_412
User_308,User_260
User_308,User_367
User_308,User_447
User_308,User_459
User_309,User_107
User_309,User_135
User_309,User_220
User_309,User_243
User_309,User_308
User_309,User_360
User_309,User_393
User_309,User_78
User_31,User_203
User_31,User_206
User_31,User_245
User_31,User_424
User_310,User_191
User_310,User_216
User_310,User_493
User_311,User_270
User_311,User_347
User_312,User_145
User_312,User_247
User_312,User_435
User_312,User_445
User_312,User_491
User_312,User_81
User_313,User_146
User_313,User_413
User_313,User_417
User_313,User_452
User_313,User_471
User_314,User_273
User_314,User_345
User_314,User_392
User_314,User_488
User_315,User_2
User_315,User_208
User_315,User_214
User_315,User_291
User_315,User_379
User_315,User_413
User_315,User_467
User_316,User_115
User_316,User_151
User_316,User_25
User_316,User_326
User_316,User_327
User_316,User_35
User_316,User_453
User_316,User_67
User_317,User_194
User_317,User_269
User_317,User_30
User_317,User_41
User_318,User_234
User_318,User_387
User_319,User_165
User_319,User_324
User_319,User_354
User_319,User_368
User_319,User_414
User_32,User_197
User_32,User_212
User_32,User_277
User_32,User_325
User_32,User_366
User_32,User_56
User_32,User_85
User_320,User_122
User_320,User_152
User_320,User_155
User_320,User_156
User_320,User_253
User_320,User_301
User_320,User_367
User_320,User_401
User_321,User_124
User_321,User_161
User_321,User_212
User_321,User_252
User_321,User_330
User_321,User_81
User_322,User_13
User_322,User_311
User_322,User_351
User_322,User_94
User_323,User_137
User_323,User_219
User_323,User_263
User_323,User_30
User_323,User_331
User_323,User_93
User_324,User_139
User_324,User_317
User_324,User_436
User_324,User_497
User_324,User_58
User_324,User_78
User_325,User_198
User_325,User_340
User_325,User_416
User_325,User_87
User_326,User_119
User_326,User_130
User_326,User_134
User_326,User_141
User_326,User_207
User_326,User_4
User_326,User_468
User_326,User_89
User_327,User_213
User_327,User_305
User_327,User_352
User_327,User_405
User_327,User_406
User_327,User_469
User_327,User_492
User_327,User_57
User_328,User_246
User_328,User_489
User_328,User_490
User_328,User_86
User_329,User_285
User_329,User_325
User_329,User_343
User_329,User_405
User_329,User_411
User_329,User_89
User_33,User_281
User_330,User_183
User_330,User_343
User_330,User_346
User_330,User_401
User_330,User_417
User_330,User_50
User_331,User_174
User_331,User_204
User_331,User_313
User_331,User_55
User_331,User_76
User_331,User_97
User_332,User_142
User_332,User_191
User_332,User_35
User_332,User_359
User_332,User_388
User_332,User_84
User_333,User_102
User_333,User_138
User_333,User_20
User_333,User_276
User_333,User_293
User_333,User_449
User_334,User_270
User_334,User_439
User_334,User_440
User_334,User_478
User_335,User_164
User_335,User_169
User_335,User_255
User_335,User_357
User_335,User_400
User_335,User_50
User_335,User_64
User_336,User_221
User_336,User_246
User_336,User_321
User_336,User_340
User_337,User_243
User_337,User_98
User_338,User_151
User_338,User_172
User_338,User_189
User_338,User_194
User_338,User_214
User_338,User_217
User_338,User_41
User_338,User_411
User_338,User_443
User_338,User_447
User_339,User_13
User_339,User_200
User_339,User_244
User_339,User_297
User_339,User_405
User_339,User_53
User_339,User_72
User_34,User_120
User_34,User_176
User_34,User_240
User_34,User_46
User_34,User_51
User_340,User_130
User_340,User_422
User_340,User_462
User_340,User_471
User_340,User_481
User_341,User_157
User_341,User_4
User_341,User_478
User_341,User_52
User_341,User_60
User_342,User_194
User_342,User_24
User_342,User_248
User_342,User_412
User_342,User_43
User_342,User_442
User_342,User_463
User_342,User_48
User_342,User_58
User_343,User_100
User_343,User_136
User_343,User_286
User_343,User_330
User_343,User_441
User_343,User_53
User_344,User_134
User_344,User_158
User_344,User_240
User_344,User_255
User_344,User_334
User_344,User_360
User_344,User_361
User_344,User_383
User_344,User_419
User_344,User_56
User_344,User_68
User_345,User_203
User_345,User_41
User_345,User_439
User_345,User_441
User_346,User_370
User_346,User_379
User_346,User_383
User_346,User_409
User_346,User_464
User_347,User_218
User_347,User_230
User_347,User_301
User_347,User_303
User_347,User_306
User_347,User_408
User_347,User_417
User_347,User_431
User_347,User_484
User_347,User_81
User_348,User_299
User_348,User_312
User_348,User_369
User_348,User_429
User_348,User_473
User_349,User_123
User_349,User_127
User_349,User_331
User_349,User_405
User_349,User_493
User_35,User_141
User_35,User_259
User_35,User_389
User_35,User_419
User_35,User_424
User_35,User_485
User_35,User_495
User_350,User_166
User_350,User_237
User_350,User_251
User_350,User_423
User_350,User_467
User_350,User_471
User_351,User_119
User_351,User_188
User_351,User_257
User_352,User_155
User_352,User_2
User_352,User_294
User_352,User_30
User_352,User_370
User_353,User_102
User_353,User_189
User_353,User_227
User_353,User_256
User_353,User_360
User_353,User_425
User_353,User_462
User_353,User_470
User_353,User_60
User_354,User_135
User_354,User_214
User_354,User_254
User_354,User_394
User_355,User_253
User_355,User_324
User_355,User_469
User_355,User_479
User_355,User_78
User_356,User_10
User_356,User_139
User_356,User_213
User_356,User_231
User_356,User_245
User_356,User_265
User_356,User_484
User_356,User_490
User_357,User_183
User_357,User_216
User_357,User_345
User_357,User_483
User_358,User_131
User_358,User_206
User_358,User_56
User_359,User_232
User_359,User_390
User_359,User_424
User_359,User_440
User_359,User_443
User_359,User_479
User_359,User_55
User_359,User_58
User_359,User_87
User_36,User_117
User_36,User_263
User_36,User_30
User_36,User_311
User_36,User_362
User_360,User_106
User_360,User_154
User_360,User_185
User_360,User_35
User_360,User_414
User_360,User_446
User_361,User_109
User_361,User_144
User_361,User_218
User_361,User_70
User_362,User_223
User_362,User_288
User_362,User_480
User_362,User_77
User_363,User_312
User_363,User_81
User_364,User_166
User_364,User_251
User_364,User_363
User_364,User_401
User_364,User_420
User_364,User_465
User_365,User_159
User_365,User_170
User_365,User_332
User_365,User_37
User_365,User_40
User_365,User_43
User_366,User_101
User_366,User_149
User_366,User_160
User_367,User_175
User_367,User_241
User_367,User_249
User_367,User_356
User_367,User_368
User_367,User_73
User_368,User_121
User_368,User_134
User_368,User_213
User_368,User_278
User_368,User_456
User_368,User_460
User_368,User_481
User_369,User_140
User_369,User_166
User_369,User_224
User_369,User_240
User_369,User_26
User_369,User_317
User_369,User_348
User_369,User_443
User_369,User_448
User_37,User_226
User_37,User_230
User_37,User_275
User_37,User_295
User_37,User_4
User_37,User_96
User_370,User_11
User_370,User_301
User_370,User_328
User_371,User_152
User_371,User_358
User_372,User_173
User_372,User_236
User_372,User_31
User_372,User_79
User_373,User_235
User_373,User_27
User_373,User_330
User_374,User_294
User_374,User_401
User_374,User_412
User_375,User_407
User_376,User_415
User_376,User_466
User_376,User_95
User_377,User_172
User_377,User_314
User_377,User_52
User_378,User_190
User_378,User_199
User_378,User_251
User_378,User_370
User_378,User_431
User_378,User_452
User_378,User_458
User_378,User_50
User_379,User_124
User_379,User_21
User_379,User_215
User_379,User_377
User_379,User_60
User_379,User_74
User_38,User_174
User_38,User_226
User_38,User_240
User_38,User_303
User_38,User_324
User_38,User_343
User_38,User_350
User_38,User_72
User_38,User_80
User_38,User_90
User_380,User_395
User_380,User_441
User_381,User_111
User_381,User_173
User_381,User_254
User_381,User_281
User_381,User_32
User_381,User_498
User_382,User_160
User_382,User_265
User_382,User_271
User_382,User_367
User_382,User_376
User_382,User_386
User_382,User_450
User_382,User_46
User_382,User_8
User_383,User_142
User_383,User_276
User_383,User_422
User_383,User_79
User_384,User_120
User_384,User_126
User_384,User_136
User_384,User_216
User_384,User_237
User_384,User_479
User_385,User_199
User_385,User_383
User_385,User_420
User_386,User_119
User_386,User_15
User_386,User_262
User_386,User_305
User_386,User_369
User_386,User_373
User_386,User_378
User_386,User_442
User_386,User_494
User_387,User_170
User_387,User_21
User_387,User_493
User_387,User_98
User_388,User_335
User_388,User_361
User_389,User_112
User_389,User_268
User_389,User_324
User_389,User_368
User_389,User_429
User_39,User_153
User_39,User_184
User_39,User_261
User_39,User_330
User_39,User_365
User_39,User_441
User_39,User_469
User_39,User_67
User_390,User_142
User_390,User_24
User_390,User_353
User_390,User_387
User_390,User_39
User_390,User_420
User_390,User_81
User_390,User_82
User_390,User_91
User_391,User_130
User_391,User_283
User_391,User_294
User_391,User_3
User_391,User_344
User_391,User_57
User_392,User_188
User_392,User_253
User_392,User_328
User_392,User_337
User_392,User_398
User_392,User_70
User_393,User_127
User_393,User_281
User_393,User_282
User_393,User_328
User_393,User_37
User_393,User_45
User_393,User_47
User_393,User_494
User_393,User_69
User_394,User_147
User_394,User_159
User_394,User_295
User_394,User_66
User_394,User_70
User_395,User_142
User_395,User_154
User_395,User_404
User_395,User_444
User_396,User_173
User_396,User_247
User_396,User_278
User_396,User_430
User_397,User_144
User_397,User_147
User_397,User_178
User_397,User_267
User_397,User_28
User_397,User_409
User_397,User_415
User_397,User_482
User_397,User_483
User_398,User_185
User_398,User_217
User_398,User_330
User_398,User_381
User_398,User_86
User_399,User_490
User_4,User_111
User_4,User_152
User_4,User_248
User_4,User_289
User_4,User_341
User_4,User_356
User_4,User_433
User_40,User_128
User_40,User_167
User_40,User_191
User_40,User_202
User_40,User_256
User_40,User_472
User_400,User_224
User_400,User_476
User_400,User_496
User_401,User_229
User_401,User_230
User_401,User_232
User_401,User_240
User_401,User_242
User_401,User_465
User_402,User_160
User_402,User_210
User_402,User_259
User_402,User_276
User_403,User_175
User_403,User_225
User_403,User_259
User_403,User_405
User_403,User_51
User_404,User_151
User_404,User_202
User_404,User_403
User_404,User_495
User_405,User_348
User_405,User_71
User_406,User_173
User_406,User_185
User_406,User_450
User_407,User_203
User_407,User_209
User_407,User_220
User_407,User_273
User_407,User_32
User_407,User_376
User_408,User_126
User_408,User_149
User_408,User_207
User_408,User_265
User_409,User_122
User_409,User_152
User_409,User_188
User_409,User_415
User_409,User_441
User_409,User_446
User_41,User_191
User_41,User_23
User_41,User_269
User_41,User_298
User_41,User_306
User_41,User_435
User_41,User_436
User_410,User_180
User_410,User_309
User_410,User_383
User_411,User_242
User_411,User_285
User_411,User_389
User_411,User_441
User_411,User_490
User_411,User_58
User_411,User_74
User_412,User_81
User_413,User_157
User_413,User_208
User_413,User_219
User_413,User_22
User_413,User_350
User_413,User_441
User_414,User_28
User_414,User_349
User_414,User_363
User_414,User_445
User_415,User_377
User_415,User_460
User_415,User_66
User_415,User_69
User_416,User_389
User_417,User_196
User_417,User_278
User_417,User_421
User_417,User_469
User_417,User_8
User_418,User_1
User_418,User_102
User_418,User_283
User_418,User_402
User_419,User_176
User_419,User_318
User_419,User_487
User_419,User_83
User_42,User_137
User_42,User_190
User_42,User_255
User_42,User_289
User_42,User_329
User_42,User_372
User_420,User_137
User_420,User_33
User_420,User_333
User_420,User_348
User_420,User_407
User_421,User_187
User_421,User_232
User_421,User_237
User_421,User_326
User_421,User_92
User_422,User_108
User_422,User_319
User_422,User_374
User_423,User_218
User_423,User_72
User_424,User_260
User_424,User_321
User_424,User_334
User_424,User_337
User_424,User_355
User_424,User_399
User_424,User_97
User_425,User_146
User_425,User_354
User_425,User_398
User_425,User_413
User_425,User_43
User_425,User_464
User_425,User_63
User_425,User_71
User_426,User_250
User_426,User_278
User_426,User_462
User_426,User_78
User_427,User_186
User_427,User_247
User_427,User_41
User_427,User_434
User_428,User_175
User_428,User_235
User_428,User_300
User_428,User_440
User_428,User_463
User_428,User_7
User_428,User_90
User_43,User_145
User_43,User_158
User_43,User_371
User_43,User_374
User_43,User_395
User_43,User_452
User_43,User_55
User_430,User_227
User_430,User_327
User_431,User_322
User_431,User_334
User_431,User_346
User_431,User_393
User_432,User_154
User_432,User_222
User_432,User_225
User_432,User_284
User_432,User_287
User_433,User_176
User_433,User_205
User_433,User_26
User_433,User_264
User_433,User_375
User_433,User_38
User_434,User_121
User_434,User_175
User_434,User_376
User_434,User_407
User_434,User_41
User_434,User_63
User_435,User_258
User_435,User_32
User_435,User_350
User_435,User_479
User_435,User_63
User_435,User_80
User_436,User_247
User_436,User_248
User_436,User_271
User_436,User_335
User_436,User_336
User_436,User_37
User_436,User_456
User_437,User_119
User_437,User_212
User_438,User_281
User_438,User_327
User_438,User_397
User_438,User_450
User_439,User_362
User_439,User_498
User_439,User_74
User_439,User_82
User_44,User_205
User_44,User_224
User_44,User_302
User_44,User_33
User_440,User_169
User_440,User_176
User_440,User_333
User_440,User_394
User_441,User_185
User_441,User_367
User_441,User_399
User_441,User_418
User_442,User_113
User_442,User_14
User_442,User_351
User_442,User_437
User_442,User_497
User_443,User_236
User_443,User_337
User_443,User_461
User_443,User_51
User_443,User_60
User_444,User_28
User_444,User_354
User_444,User_385
User_444,User_396
User_444,User_468
User_445,User_119
User_445,User_158
User_445,User_173
User_445,User_277
User_445,User_335
User_445,User_466
User_445,User_469
User_445,User_73
User_446,User_116
User_446,User_24
User_446,User_352
User_446,User_6
User_447,User_190
User_447,User_208
User_447,User_403
User_447,User_472
User_447,User_477
User_448,User_140
User_448,User_19
User_448,User_367
User_448,User_371
User_448,User_392
User_448,User_497
User_449,User_188
User_449,User_290
User_450,User_125
User_450,User_141
User_450,User_157
User_450,User_194
User_450,User_357
User_450,User_449
User_451,User_153
User_451,User_289
User_451,User_332
User_451,User_35
User_452,User_101
User_452,User_482
User_453,User_212
User_453,User_274
User_453,User_322
User_453,User_54
User_454,User_290
User_454,User_360
User_454,User_388
User_455,User_277
User_455,User_291
User_455,User_321
User_455,User_8
User_456,User_153
User_456,User_226
User_456,User_279
User_456,User_424
User_457,User_263
User_457,User_349
User_457,User_35
User_457,User_384
User_458,User_202
User_458,User_415
User_459,User_207
User_459,User_276
User_459,User_298
User_459,User_81
User_46,User_117
User_46,User_240
User_46,User_314
User_46,User_339
User_46,User_360
User_46,User_386
User_46,User_460
User_46,User_483
User_460,User_278
User_460,User_365
User_460,User_371
User_460,User_41
User_460,User_411
User_461,User_286
User_461,User_305
User_461,User_309
User_461,User_491
User_462,User_146
User_462,User_427
User_462,User_84
User_462,User_89
User_463,User_124
User_463,User_16
User_463,User_262
User_463,User_394
User_463,User_40
User_463,User_464
User_464,User_170
User_464,User_193
User_464,User_201
User_465,User_136
User_465,User_151
User_465,User_226
User_465,User_358
User_465,User_414
User_465,User_67
User_465,User_7
User_466,User_233
User_466,User_310
User_467,User_272
User_467,User_415
User_467,User_422
User_467,User_58
User_468,User_122
User_468,User_312
User_468,User_329
User_469,User_144
User_469,User_179
User_469,User_424
User_469,User_434
User_47,User_194
User_47,User_221
User_47,User_257
User_47,User_305
User_47,User_324
User_47,User_335
User_47,User_374
User_470,User_0
User_470,User_235
User_470,User_275
User_470,User_30
User_470,User_314
User_470,User_330
User_470,User_49
User_471,User_445
User_471,User_89
User_472,User_242
User_472,User_271
User_472,User_458
User_473,User_135
User_473,User_143
User_473,User_170
User_473,User_288
User_473,User_412
User_473,User_476
User_474,User_148
User_474,User_358
User_474,User_385
User_474,User_401
User_475,User_276
User_475,User_336
User_475,User_435
User_475,User_439
User_476,User_313
User_476,User_88
User_477,User_158
User_477,User_178
User_477,User_287
User_477,User_407
User_478,User_101
User_478,User_133
User_478,User_241
User_478,User_363
User_478,User_407
User_478,User_44
User_478,User_451
User_478,User_470
User_479,User_127
User_479,User_383
User_479,User_452
User_48,User_0
User_48,User_160
User_48,User_458
User_48,User_69
User_480,User_14
User_480,User_449
User_480,User_487
User_480,User_68
User_481,User_151
User_481,User_190
User_481,User_192
User_481,User_194
User_481,User_372
User_481,User_373
User_481,User_441
User_481,User_465
User_482,User_139
User_482,User_290
User_482,User_362
User_482,User_5
User_483,User_176
User_483,User_205
User_483,User_246
User_483,User_350
User_483,User_418
User_483,User_452
User_484,User_108
User_484,User_19
User_484,User_281
User_484,User_314
User_484,User_378
User_484,User_40
User_484,User_466
User_485,User_189
User_485,User_202
User_485,User_29
User_485,User_316
User_485,User_328
User_485,User_355
User_485,User_390
User_485,User_392
User_485,User_434
User_485,User_481
User_486,User_10
User_486,User_126
User_486,User_380
User_486,User_386
User_487,User_15
User_487,User_395
User_487,User_425
User_487,User_439
User_488,User_162
User_488,User_269
User_488,User_395
User_488,User_398
User_488,User_405
User_488,User_427
User_489,User_197
User_489,User_282
User_49,User_183
User_49,User_25
User_49,User_337
User_49,User_381
User_49,User_462
User_490,User_192
User_490,User_219
User_490,User_31
User_490,User_390
User_490,User_419
User_490,User_68
User_491,User_207
User_491,User_260
User_492,User_106
User_492,User_135
User_492,User_345
User_492,User_384
User_492,User_43
User_492,User_446
User_493,User_108
User_493,User_15
User_493,User_159
User_493,User_18
User_493,User_203
User_493,User_215
User_493,User_287
User_493,User_464
User_494,User_166
User_494,User_302
User_494,User_327
User_494,User_414
User_494,User_82
User_495,User_147
User_495,User_163
User_495,User_219
User_495,User_29
User_495,User_385
User_495,User_412
User_495,User_432
User_495,User_433
User_495,User_62
User_496,User_133
User_496,User_227
User_496,User_395
User_496,User_396
User_496,User_47
User_496,User_79
User_497,User_10
User_497,User_234
User_497,User_256
User_497,User_397
User_497,User_440
User_498,User_152
User_498,User_25
User_498,User_27
User_498,User_304
User_498,User_317
User_498,User_392
User_498,User_472
User_499,User_204
User_499,User_49
User_50,User_132
User_50,User_223
User_50,User_25
User_50,User_406
User_50,User_411
User_50,User_429
User_51,User_227
User_51,User_269
User_51,User_348
User_51,User_426
User_51,User_447
User_52,User_356
User_52,User_364
User_52,User_376
User_52,User_74
User_53,User_151
User_53,User_395
User_54,User_121
User_54,User_124
User_54,User_380
User_54,User_445
User_54,User_46
User_54,User_475
User_54,User_5
User_54,User_69
User_55,User_127
User_55,User_179
User_55,User_220
User_55,User_231
User_55,User_251
User_55,User_296
User_55,User_345
User_56,User_78
User_57,User_169
User_57,User_293
User_57,User_38
User_57,User_475
User_58,User_11
User_58,User_13
User_58,User_134
User_58,User_137
User_58,User_176
User_58,User_178
User_58,User_349
User_58,User_398
User_58,User_477
User_59,User_348
User_59,User_425
User_59,User_449
User_59,User_455
User_59,User_49
User_59,User_93
User_6,User_434
User_6,User_8
User_60,User_331
User_60,User_65
User_61,User_126
User_61,User_3
User_61,User_369
User_61,User_380
User_61,User_407
User_61,User_440
User_61,User_482
User_62,User_102
User_62,User_210
User_62,User_233
User_62,User_24
User_62,User_69
User_63,User_239
User_64,User_140
User_64,User_242
User_64,User_257
User_64,User_326
User_64,User_402
User_64,User_497
User_64,User_65
User_65,User_318
User_65,User_343
User_65,User_372
User_65,User_449
User_65,User_98
User_66,User_194
User_66,User_221
User_66,User_276
User_66,User_289
User_66,User_304
User_66,User_389
User_67,User_127
User_67,User_244
User_67,User_370
User_67,User_44
User_67,User_46
User_67,User_474
User_68,User_135
User_68,User_22
User_68,User_410
User_68,User_451
User_69,User_153
User_69,User_442
User_69,User_99
User_7,User_135
User_7,User_183
User_7,User_282
User_7,User_362
User_7,User_369
User_70,User_321
User_70,User_446
User_70,User_55
User_70,User_77
User_71,User_137
User_71,User_167
User_71,User_216
User_71,User_23
User_71,User_257
User_71,User_324
User_71,User_368
User_71,User_401
User_71,User_404
User_71,User_95
User_72,User_178
User_72,User_261
User_72,User_295
User_72,User_379
User_73,User_101
User_73,User_160
User_73,User_209
User_73,User_338
User_73,User_412
User_73,User_434
User_74,User_196
User_74,User_364
User_74,User_70
User_75,User_120
User_75,User_33
User_75,User_335
User_75,User_403
User_75,User_425
User_76,User_170
User_76,User_228
User_76,User_279
User_76,User_280
User_76,User_310
User_76,User_415
User_76,User_84
User_77,User_176
User_77,User_225
User_77,User_253
User_78,User_122
User_78,User_194
User_78,User_222
User_78,User_351
User_78,User_366
User_78,User_389
User_78,User_83
User_79,User_110
User_79,User_141
User_79,User_39
User_79,User_97
User_8,User_133
User_8,User_47
User_8,User_63
User_80,User_122
User_80,User_208
User_80,User_224
User_80,User_225
User_80,User_232
User_80,User_29
User_80,User_386
User_81,User_207
User_81,User_403
User_81,User_416
User_82,User_165
User_82,User_276
User_82,User_379
User_83,User_189
User_83,User_288
User_83,User_374
User_83,User_499
User_84,User_131
User_84,User_135
User_84,User_315
User_84,User_405
User_84,User_430
User_84,User_476
User_85,User_208
User_85,User_310
User_85,User_355
User_86,User_337
User_86,User_350
User_86,User_399
User_87,User_337
User_87,User_410
User_88,User_20
User_88,User_235
User_88,User_282
User_88,User_308
User_88,User_416
User_89,User_135
User_89,User_240
User_89,User_312
User_89,User_320
User_89,User_40
User_89,User_56
User_9,User_131
User_90,User_375
User_90,User_451
User_91,User_154
User_91,User_275
User_91,User_297
User_91,User_377
User_91,User_54
User_92,User_139
User_92,User_349
User_92,User_425
User_92,User_486
User_92,User_87
User_93,User_142
User_93,User_25
User_94,User_386
User_94,User_469
User_94,User_494
User_94,User_71
User_94,User_98
User_95,User_220
User_95,User_254
User_95,User_327
User_95,User_340
User_95,User_35
User_95,User_7
User_96,User_164
User_96,User_357
User_96,User_479
User_97,User_317
User_97,User_43
User_97,User_471
User_97,User_48
User_97,User_492
User_97,User_9
User_98,User_161
User_98,User_414
User_98,User_490
User_98,User_97
User_99,User_151
User_99,User_188
User_99,User_463
