package,depends_on
Package_0,Package_232
Package_0,Package_248
Package_0,Package_80
Package_1,Package_158
Package_1,Package_163
Package_1,Package_20
Package_1,Package_85
Package_1,Package_95
Package_10,Package_248
Package_10,Package_8
Package_10,Package_93
Package_10,Package_95
Package_100,Package_136
Package_100,Package_26
Package_100,Package_4
Package_100,Package_44
Package_100,Package_83
Package_101,Package_107
Package_101,Package_12
Package_101,Package_178
Package_101,Package_185
Package_101,Package_37
Package_101,Package_63
Package_101,Package_77
Package_101,Package_90
Package_102,Package_115
Package_102,Package_223
Package_102,Package_61
Package_102,Package_75
Package_103,Package_240
Package_103,Package_77
Package_103,Package_97
Package_104,Package_133
Package_104,Package_42
Package_104,Package_60
Package_105,Package_101
Package_105,Package_111
Package_105,Package_177
Package_106,Package_183
Package_106,Package_191
Package_106,Package_74
Package_106,Package_8
Package_106,Package_90
Package_107,Package_188
Package_107,Package_217
Package_107,Package_3
Package_107,Package_85
Package_108,Package_72
Package_108,Package_81
Package_109,Package_14
Package_109,Package_146
Package_109,Package_157
Package_109,Package_78
Package_11,Package_143
Package_11,Package_172
Package_11,Package_199
Package_11,Package_2
Package_11,Package_76
Package_11,Package_81
Package_110,Package_106
Package_110,Package_151
Package_110,Package_25
Package_110,Package_54
Package_110,Package_74
Package_111,Package_138
Package_111,Package_145
Package_111,Package_193
Package_111,Package_70
Package_112,Package_152
Package_112,Package_27
Package_112,Package_66
Package_112,Package_71
Package_113,Package_101
Package_113,Package_127
Package_113,Package_188
Package_113,Package_216
Package_114,Package_102
Package_114,Package_153
Package_114,Package_163
Package_114,Package_198
Package_114,Package_218
Package_114,Package_58
Package_115,Package_192
Package_115,Package_64
Package_116,Package_151
Package_117,Package_121
Package_117,Package_145
Package_117,Package_160
Package_117,Package_204
Package_117,Package_237
Package_117,Package_28
Package_117,Package_72
Package_117,Package_77
Package_118,Package_148
Package_119,Package_11
Package_119,Package_154
Package_119,Package_162
Package_119,Package_164
Package_119,Package_177
Package_119,Package_33
Package_119,Package_97
Package_12,Package_147
Package_12,Package_177
Package_12,Package_178
Package_12,Package_241
Package_12,Package_74
Package_120,Package_111
Package_120,Package_143
Package_120,Package_161
Package_120,Package_232
Package_120,Package_78
Package_121,Package_234
Package_121,Package_31
Package_121,Package_5
Package_122,Package_0
Package_122,Package_193
Package_122,Package_196
Package_122,Package_228
Package_122,Package_45
Package_123,Package_116
Package_123,Package_132
Package_123,Package_195
Package_123,Package_237
Package_123,Package_32
Package_123,Package_75
Package_123,Package_82
Package_123,Package_89
Package_124,Package_120
Package_124,Package_16
Package_124,Package_190
Package_124,Package_7
Package_125,Package_182
Package_125,Package_186
Package_125,Package_79
Package_126,Package_1
Package_126,Package_10
Package_126,Package_133
Package_127,Package_186
Package_127,Package_45
Package_128,Package_104
Package_128,Package_129
Package_128,Package_13
Package_129,Package_114
Package_129,Package_2
Package_129,Package_231
Package_129,Package_41
Package_13,Package_157
Package_13,Package_37
Package_13,Package_4
Package_13,Package_76
Package_13,Package_99
Package_130,Package_17
Package_130,Package_174
Package_130,Package_215
Package_130,Package_64
Package_131,Package_176
Package_131,Package_192
Package_131,Package_245
Package_131,Package_50
Package_132,Package_104
Package_132,Package_118
Package_132,Package_99
Package_133,Package_172
Package_133,Package_5
Package_133,Package_66
Package_133,Package_80
Package_133,Package_99
Package_134,Package_131
Package_134,Package_160
Package_134,Package_173
Package_134,Package_175
Package_134,Package_186
Package_134,Package_192
Package_134,Package_21
Package_134,Package_212
Package_135,Package_198
Package_135,Package_232
Package_135,Package_241
Package_136,Package_128
Package_136,Package_223
Package_136,Package_249
Package_136,Package_63
Package_136,Package_83
Package_137,Package_1
Package_137,Package_121
Package_137,Package_178
Package_137,Package_232
Package_137,Package_241
Package_137,Package_77
Package_138,Package_179
Package_138,Package_80
Package_138,Package_84
Package_139,Package_17
Package_139,Package_204
Package_139,Package_230
Package_139,Package_70
Package_14,Package_178
Package_140,Package_162
Package_140,Package_225
Package_140,Package_6
Package_140,Package_89
Package_141,Package_102
Package_141,Package_108
Package_141,Package_111
Package_141,Package_137
Package_141,Package_152
Package_141,Package_156
Package_141,Package_157
Package_141,Package_196
Package_142,Package_139
Package_142,Package_163
Package_142,Package_177
Package_142,Package_243
Package_143,Package_124
Package_143,Package_38
Package_143,Package_93
Package_144,Package_101
Package_144,Package_114
Package_144,Package_87
Package_144,Package_90
Package_144,Package_93
Package_145,Package_153
Package_145,Package_83
Package_146,Package_148
Package_146,Package_151
Package_146,Package_176
Package_146,Package_208
Package_147,Package_100
Package_147,Package_120
Package_147,Package_177
Package_147,Package_224
Package_147,Package_246
Package_148,Package_159
Package_148,Package_175
Package_148,Package_191
Package_148,Package_192
Package_148,Package_21
Package_149,Package_201
Package_149,Package_214
Package_149,Package_219
Package_149,Package_70
Package_149,Package_9
Package_149,Package_95
Package_15,Package_110
Package_15,Package_122
Package_15,Package_189
Package_15,Package_204
Package_15,Package_227
Package_150,Package_104
Package_150,Package_24
Package_150,Package_43
Package_151,Package_103
Package_151,Package_127
Package_151,Package_190
Package_151,Package_230
Package_151,Package_239
Package_151,Package_66
Package_152,Package_219
Package_152,Package_34
Package_152,Package_36
Package_152,Package_74
Package_152,Package_82
Package_153,Package_168
Package_153,Package_84
Package_153,Package_90
Package_154,Package_165
Package_154,Package_177
Package_154,Package_198
Package_155,Package_121
Package_155,Package_147
Package_155,Package_149
Package_155,Package_173
Package_155,Package_176
Package_155,Package_183
Package_155,Package_199
Package_155,Package_215
Package_155,Package_31
Package_156,Package_20
Package_156,Package_61
Package_156,Package_70
Package_157,Package_102
Package_157,Package_158
Package_157,Package_209
Package_158,Package_103
Package_158,Package_116
Package_158,Package_130
Package_158,Package_247
Package_158,Package_9
Package_159,Package_131
Package_159,Package_14
Package_159,Package_209
Package_159,Package_238
Package_159,Package_241
Package_159,Package_68
Package_159,Package_7
Package_16,Package_144
Package_16,Package_23
Package_16,Package_69
Package_160,Package_77
Package_161,Package_121
Package_161,Package_18
Package_161,Package_190
Package_161,Package_2
Package_161,Package_41
Package_161,Package_93
Package_162,Package_124
Package_162,Package_132
Package_162,Package_15
Package_162,Package_17
Package_162,Package_174
Package_162,Package_183
Package_162,Package_224
Package_162,Package_229
Package_162,Package_236
Package_162,Package_239
Package_162,Package_249
Package_162,Package_96
Package_163,Package_132
Package_163,Package_178
Package_163,Package_225
Package_163,Package_238
Package_164,Package_179
Package_164,Package_184
Package_164,Package_198
Package_164,Package_220
Package_164,Package_221
Package_164,Package_224
Package_165,Package_134
Package_165,Package_236
Package_165,Package_73
Package_165,Package_88
Package_166,Package_108
Package_166,Package_21
Package_166,Package_50
Package_166,Package_58
Package_166,Package_75
Package_166,Package_88
Package_167,Package_103
Package_167,Package_127
Package_168,Package_181
Package_168,Package_210
Package_168,Package_236
Package_168,Package_33
Package_169,Package_125
Package_169,Package_128
Package_169,Package_129
Package_169,Package_144
Package_169,Package_38
Package_17,Package_202
Package_17,Package_238
Package_17,Package_40
Package_17,Package_9
Package_170,Package_30
Package_170,Package_6
Package_171,Package_0
Package_171,Package_122
Package_171,Package_181
Package_171,Package_59
Package_171,Package_83
Package_171,Package_85
Package_172,Package_237
Package_172,Package_24
Package_172,Package_49
Package_172,Package_58
Package_173,Package_158
Package_173,Package_159
Package_173,Package_49
Package_173,Package_83
Package_174,Package_111
Package_174,Package_149
Package_174,Package_165
Package_174,Package_199
Package_174,Package_20
Package_175,Package_106
Package_175,Package_194
Package_175,Package_88
Package_176,Package_148
Package_176,Package_164
Package_176,Package_17
Package_176,Package_205
Package_176,Package_242
Package_176,Package_93
Package_177,Package_18
Package_177,Package_188
Package_178,Package_146
Package_178,Package_241
Package_179,Package_111
Package_179,Package_178
Package_179,Package_59
Package_18,Package_129
Package_18,Package_248
Package_18,Package_81
Package_180,Package_136
Package_180,Package_214
Package_181,Package_147
Package_181,Package_9
Package_182,Package_142
Package_182,Package_238
Package_183,Package_45
Package_183,Package_69
Package_183,Package_85
Package_184,Package_118
Package_184,Package_200
Package_184,Package_34
Package_184,Package_58
Package_184,Package_72
Package_185,Package_174
Package_186,Package_132
Package_186,Package_15
Package_186,Package_200
Package_186,Package_92
Package_188,Package_11
Package_188,Package_213
Package_189,Package_148
Package_189,Package_182
Package_189,Package_190
Package_189,Package_214
Package_189,Package_44
Package_19,Package_1
Package_19,Package_136
Package_19,Package_193
Package_19,Package_236
Package_19,Package_246
Package_191,Package_141
Package_191,Package_205
Package_191,Package_220
Package_191,Package_225
Package_191,Package_63
Package_192,Package_0
Package_192,Package_102
Package_192,Package_119
Package_192,Package_121
Package_192,Package_128
Package_192,Package_153
Package_193,Package_207
Package_194,Package_12
Package_194,Package_145
Package_195,Package_114
Package_196,Package_124
Package_196,Package_176
Package_196,Package_204
Package_196,Package_73
Package_197,Package_103
Package_197,Package_18
Package_197,Package_206
Package_197,Package_34
Package_197,Package_44
Package_198,Package_12
Package_198,Package_130
Package_198,Package_163
Package_198,Package_235
Package_198,Package_5
Package_198,Package_60
Package_199,Package_1
Package_199,Package_43
Package_2,Package_172
Package_2,Package_229
Package_2,Package_241
Package_2,Package_25
Package_2,Package_52
Package_2,Package_57
Package_20,Package_126
Package_20,Package_143
Package_20,Package_218
Package_20,Package_43
Package_200,Package_43
Package_200,Package_67
Package_200,Package_7
Package_201,Package_116
Package_201,Package_140
Package_201,Package_160
Package_201,Package_187
Package_201,Package_40
Package_202,Package_108
Package_202,Package_170
Package_202,Package_199
Package_202,Package_21
Package_203,Package_111
Package_203,Package_162
Package_203,Package_179
Package_203,Package_188
Package_203,Package_245
Package_203,Package_29
Package_203,Package_32
Package_203,Package_47
Package_203,Package_61
Package_203,Package_94
Package_204,Package_13
Package_205,Package_138
Package_205,Package_176
Package_205,Package_216
Package_205,Package_28
Package_206,Package_10
Package_206,Package_125
Package_206,Package_207
Package_206,Package_223
Package_206,Package_32
Package_207,Package_230
Package_207,Package_72
Package_207,Package_77
Package_207,Package_84
Package_208,Package_22
Package_208,Package_45
Package_21,Package_173
Package_21,Package_207
Package_21,Package_211
Package_21,Package_213
Package_21,Package_231
Package_21,Package_48
Package_21,Package_70
Package_210,Package_137
Package_210,Package_172
Package_210,Package_20
Package_210,Package_213
Package_210,Package_248
Package_211,Package_151
Package_211,Package_157
Package_211,Package_165
Package_211,Package_171
Package_211,Package_201
Package_211,Package_23
Package_211,Package_37
Package_211,Package_53
Package_211,Package_92
Package_212,Package_15
Package_212,Package_186
Package_212,Package_44
Package_212,Package_69
Package_213,Package_140
Package_213,Package_170
Package_213,Package_239
Package_213,Package_76
Package_214,Package_160
Package_214,Package_209
Package_214,Package_224
Package_214,Package_57
Package_215,Package_10
Package_215,Package_69
Package_215,Package_75
Package_216,Package_153
Package_216,Package_167
Package_216,Package_186
Package_216,Package_248
Package_217,Package_112
Package_217,Package_149
Package_217,Package_6
Package_217,Package_84
Package_218,Package_180
Package_218,Package_49
Package_218,Package_63
Package_219,Package_108
Package_219,Package_215
Package_219,Package_223
Package_219,Package_24
Package_219,Package_59
Package_22,Package_106
Package_22,Package_190
Package_22,Package_223
Package_220,Package_172
Package_220,Package_205
Package_220,Package_29
Package_220,Package_3
Package_220,Package_8
Package_221,Package_126
Package_221,Package_201
Package_221,Package_223
Package_221,Package_226
Package_221,Package_31
Package_221,Package_47
Package_221,Package_93
Package_222,Package_119
Package_223,Package_132
Package_223,Package_140
Package_223,Package_45
Package_223,Package_46
Package_224,Package_10
Package_225,Package_4
Package_225,Package_69
Package_225,Package_82
Package_226,Package_19
Package_226,Package_236
Package_226,Package_3
Package_226,Package_4
Package_226,Package_40
Package_226,Package_70
Package_226,Package_74
Package_227,Package_13
Package_227,Package_180
Package_227,Package_195
Package_227,Package_203
Package_227,Package_235
Package_227,Package_83
Package_227,Package_92
Package_228,Package_50
Package_229,Package_109
Package_229,Package_188
Package_23,Package_11
Package_23,Package_207
Package_23,Package_28
Package_23,Package_5
Package_230,Package_10
Package_230,Package_147
Package_230,Package_148
Package_230,Package_234
Package_230,Package_69
Package_231,Package_140
Package_231,Package_191
Package_231,Package_40
Package_231,Package_6
Package_231,Package_7
Package_232,Package_197
Package_232,Package_28
Package_232,Package_29
Package_232,Package_76
Package_233,Package_113
Package_233,Package_127
Package_233,Package_160
Package_233,Package_199
Package_233,Package_207
Package_233,Package_227
Package_233,Package_246
Package_233,Package_37
Package_234,Package_14
Package_234,Package_224
Package_234,Package_233
Package_234,Package_77
Package_235,Package_165
Package_235,Package_208
Package_235,Package_248
Package_235,Package_69
Package_236,Package_152
Package_236,Package_54
Package_236,Package_86
Package_237,Package_137
Package_237,Package_15
Package_237,Package_187
Package_237,Package_199
Package_237,Package_247
Package_238,Package_164
Package_238,Package_171
Package_238,Package_187
Package_238,Package_193
Package_238,Package_79
Package_239,Package_196
Package_239,Package_198
Package_24,Package_1
Package_24,Package_122
Package_24,Package_142
Package_24,Package_51
Package_24,Package_65
Package_240,Package_131
Package_240,Package_165
Package_240,Package_174
Package_241,Package_115
Package_241,Package_160
Package_241,Package_33
Package_241,Package_57
Package_241,Package_63
Package_241,Package_73
Package_242,Package_1
Package_242,Package_106
Package_242,Package_128
Package_242,Package_26
Package_242,Package_44
Package_243,Package_175
Package_244,Package_224
Package_244,Package_40
Package_244,Package_83
Package_245,Package_209
Package_245,Package_29
Package_245,Package_67
Package_245,Package_90
Package_246,Package_162
Package_246,Package_38
Package_246,Package_94
Package_247,Package_167
Package_247,Package_188
Package_247,Package_189
Package_247,Package_214
Package_247,Package_83
Package_249,Package_111
Package_249,Package_131
Package_249,Package_16
Package_249,Package_214
Package_25,Package_55
Package_25,Package_87
Package_25,Package_90
Package_26,Package_160
Package_26,Package_220
Package_26,Package_41
Package_26,Package_69
Package_27,Package_239
Package_27,Package_246
Package_28,Package_155
Package_28,Package_232
Package_28,Package_241
Package_28,Package_81
Package_28,Package_92
Package_29,Package_145
Package_29,Package_186
Package_29,Package_219
Package_3,Package_105
Package_3,Package_157
Package_30,Package_131
Package_30,Package_21
Package_30,Package_24
Package_30,Package_41
Package_31,Package_116
Package_31,Package_205
Package_31,Package_3
Package_32,Package_191
Package_32,Package_38
Package_32,Package_71
Package_33,Package_42
Package_33,Package_59
Package_33,Package_65
Package_33,Package_66
Package_34,Package_117
Package_34,Package_53
Package_34,Package_93
Package_35,Package_241
Package_35,Package_3
Package_36,Package_232
Package_36,Package_45
Package_37,Package_188
Package_37,Package_232
Package_37,Package_234
Package_37,Package_73
Package_38,Package_59
Package_38,Package_93
Package_39,Package_115
Package_39,Package_162
Package_39,Package_245
Package_39,Package_80
Package_4,Package_124
Package_4,Package_176
Package_4,Package_19
Package_4,Package_44
Package_40,Package_105
Package_40,Package_155
Package_40,Package_177
Package_40,Package_198
Package_40,Package_28
Package_40,Package_53
Package_40,Package_66
Package_41,Package_156
Package_41,Package_168
Package_41,Package_43
Package_42,Package_115
Package_42,Package_19
Package_43,Package_167
Package_43,Package_208
Package_44,Package_143
Package_44,Package_191
Package_44,Package_36
Package_44,Package_61
Package_44,Package_88
Package_45,Package_176
Package_45,Package_207
Package_45,Package_225
Package_45,Package_97
Package_46,Package_32
Package_47,Package_106
Package_47,Package_155
Package_47,Package_171
Package_47,Package_26
Package_48,Package_135
Package_48,Package_139
Package_48,Package_212
Package_48,Package_51
Package_48,Package_60
Package_48,Package_78
Package_49,Package_4
Package_49,Package_64
Package_5,Package_137
Package_5,Package_21
Package_5,Package_240
Package_50,Package_103
Package_50,Package_130
Package_50,Package_29
Package_50,Package_49
Package_51,Package_122
Package_51,Package_124
Package_51,Package_153
Package_51,Package_80
Package_51,Package_91
Package_52,Package_177
Package_52,Package_25
Package_52,Package_29
Package_52,Package_67
Package_52,Package_92
Package_53,Package_10
Package_53,Package_103
Package_53,Package_170
Package_54,Package_104
Package_54,Package_116
Package_54,Package_155
Package_54,Package_242
Package_55,Package_106
Package_55,Package_20
Package_55,Package_48
Package_56,Package_110
Package_56,Package_161
Package_56,Package_183
Package_56,Package_194
Package_57,Package_106
Package_57,Package_108
Package_57,Package_157
Package_57,Package_71
Package_57,Package_74
Package_58,Package_205
Package_58,Package_230
Package_58,Package_35
Package_59,Package_135
Package_59,Package_139
Package_59,Package_174
Package_59,Package_180
Package_59,Package_197
Package_59,Package_36
Package_6,Package_137
Package_6,Package_167
Package_6,Package_91
Package_6,Package_95
Package_60,Package_110
Package_60,Package_44
Package_60,Package_6
Package_61,Package_135
Package_61,Package_18
Package_61,Package_187
Package_61,Package_45
Package_62,Package_118
Package_62,Package_14
Package_62,Package_49
Package_62,Package_8
Package_62,Package_9
Package_63,Package_236
Package_64,Package_176
Package_64,Package_33
Package_65,Package_144
Package_65,Package_189
Package_65,Package_243
Package_66,Package_105
Package_66,Package_150
Package_66,Package_2
Package_66,Package_79
Package_66,Package_91
Package_67,Package_11
Package_67,Package_203
Package_67,Package_35
Package_67,Package_62
Package_68,Package_186
Package_68,Package_221
Package_68,Package_228
Package_69,Package_14
Package_69,Package_19
Package_69,Package_221
Package_69,Package_227
Package_69,Package_245
Package_69,Package_27
Package_7,Package_238
Package_7,Package_57
Package_7,Package_8
Package_7,Package_81
Package_70,Package_1
Package_71,Package_123
Package_71,Package_149
Package_71,Package_190
Package_71,Package_220
Package_71,Package_40
Package_71,Package_44
Package_71,Package_47
Package_71,Package_59
Package_71,Package_78
Package_72,Package_110
Package_72,Package_115
Package_72,Package_125
Package_72,Package_158
Package_72,Package_201
Package_72,Package_241
Package_73,Package_111
Package_73,Package_141
Package_73,Package_4
Package_73,Package_6
Package_73,Package_86
Package_74,Package_109
Package_74,Package_235
Package_74,Package_44
Package_74,Package_64
Package_74,Package_8
Package_75,Package_137
Package_75,Package_15
Package_75,Package_218
Package_75,Package_49
Package_76,Package_102
Package_76,Package_17
Package_76,Package_176
Package_76,Package_3
Package_76,Package_67
Package_77,Package_11
Package_77,Package_125
Package_77,Package_165
Package_77,Package_177
Package_78,Package_103
Package_78,Package_77
Package_78,Package_91
Package_79,Package_211
Package_79,Package_3
Package_79,Package_98
Package_8,Package_203
Package_8,Package_246
Package_8,Package_33
Package_8,Package_53
Package_8,Package_69
Package_80,Package_158
Package_80,Package_18
Package_80,Package_27
Package_80,Package_36
Package_80,Package_42
Package_80,Package_57
Package_81,Package_109
Package_81,Package_114
Package_81,Package_167
Package_81,Package_180
Package_82,Package_11
Package_82,Package_138
Package_82,Package_139
Package_82,Package_51
Package_82,Package_55
Package_83,Package_183
Package_83,Package_189
Package_83,Package_30
Package_83,Package_37
Package_83,Package_40
Package_83,Package_82
Package_84,Package_226
Package_84,Package_34
Package_84,Package_54
Package_84,Package_62
Package_84,Package_7
Package_85,Package_107
Package_85,Package_140
Package_85,Package_50
Package_86,Package_0
Package_86,Package_1
Package_86,Package_182
Package_86,Package_195
Package_86,Package_213
Package_86,Package_215
Package_86,Package_231
Package_87,Package_21
Package_87,Package_224
Package_87,Package_245
Package_87,Package_28
Package_87,Package_46
Package_87,Package_7
Package_88,Package_132
Package_88,Package_3
Package_88,Package_98
Package_89,Package_110
Package_89,Package_159
Package_89,Package_160
Package_89,Package_173
Package_89,Package_43
Package_9,Package_0
Package_9,Package_100
Package_9,Package_12
Package_9,Package_43
Package_9,Package_47
Package_90,Package_22
Package_90,Package_237
Package_90,Package_52
Package_91,Package_144
Package_91,Package_18
Package_91,Package_202
Package_92,Package_130
Package_93,Package_135
Package_93,Package_2
Package_93,Package_40
Package_94,Package_133
Package_94,Package_212
Package_94,Package_216
Package_95,Package_119
Package_95,Package_18
Package_95,Package_2
Package_95,Package_33
Package_95,Package_63
Package_96,Package_123
Package_96,Package_211
Package_96,Package_231
Package_96,Package_87
Package_97,Package_15
Package_97,Package_158
Package_97,Package_178
Package_97,Package_28
Package_98,Package_150
Package_98,Package_216
Package_99,Package_206
Package_99,Package_213
Package_99,Package_240
Package_99,Package_92
